:020000040800F2
:1000000000000220A9FF0008511400085314000842
:100010005D1400085F14000861140008000000006F
:100020000000000000000000000000006314000851
:100030006514000800000000671400086914000837
:10004000F9FF0008F9FF0008F9FF0008F9FF0008B0
:10005000F9FF0008F9FF0008F9FF0008F9FF0008A0
:10006000F9FF0008F9FF0008F9FF0008F9FF000890
:10007000F9FF0008F9FF0008F9FF0008F9FF000880
:10008000F9FF0008F9FF0008F9FF00080000000070
:10009000000000000000000000000000F9FF000860
:1000A000F9FF0008F9FF0008F9FF0008F9FF000850
:1000B000F9FF000881030008F9FF0008F9FF0008B4
:1000C000F9FF0008F9FF0008F9FF0008F9FF000830
:1000D000F9FF0008F9FF0008F9FF00080000000020
:1000E000F9FF0008F9FF0008F9FF00080000000010
:1000F000000000000000000000000000F9FF000800
:1001000000000000F9FF0008F9FF0008F9FF0008EF
:1001100000000000000000000000000000000000DF
:10012000F9FF0008F9FF0008F9FF0008F9FF0008CF
:10013000F9FF0008000000000000000000000000BF
:100140000000000000000000000000006D14000826
:10015000F9FF0008F9FF0008F9FF0008F9FF00089F
:10016000F9FF0008F9FF000800000000000000008F
:10017000000000000000000000000000000000007F
:1001800000000000F9FF000800000000000000006F
:08019000F9FF0008F9FF000867
:100198000348044B834202D0034B03B1184770470E
:1001A800BC010020BC0100200000000005480649F1
:1001B8000B1AD90F01EBA301491002D0034B03B16D
:1001C80018477047BC010020BC0100200000000057
:1001D80010B5064C237843B9FFF7DAFF044B13B187
:1001E8000448AFF300800123237010BDBC01002038
:1001F80000000000E400010808B5044B1BB10449E5
:100208000448AFF30080BDE80840CFE700000000D5
:10021800C0010020E40001082D4B37B51C682046BA
:100228000FF0F8F921460BF019FF2A4C206010B99D
:10023800012003B030BD284B1D6828460FF0EAF9AD
:1002480029460BF01BFF60600028F1D0234B1D6886
:1002580028460FF0DFF9224A29460BF061FFA0601B
:100268000028E5D01F4B1D6828460FF0D3F91E4B18
:1002780042F2107229460BF03EFFE0600028D7D00A
:10028800A368C4E904304FF400730093606804F174
:1002980018034FF4807204F506710BF0FAFE134947
:1002A80060684FF480420BF006FF0222606804F198
:1002B80010010BF0FCFE0E4960680BF004FFD4E956
:1002C80000010BF0D7FE003818BF0120B1E700BFCE
:1002D80038010108D8010020340101082C01010867
:1002E800080201083001010812020108F404002084
:1002F8001702010870B51D4DD5F81843C5F8180345
:100308000A23041B5C43A86890B021460BF018FF31
:10031800174800F0FEFB064670B1402269461448B3
:1003280000F069FC00F0F0FA402E28BF402628684B
:10033800B2B269460BF0CEFE286821460BF09CFE4F
:1003480028680BF0D5FE78B1402828BF402082B23B
:100358000446694628680BF0C0FE064822466946EE
:1003680000F03EFB00F0A4FA10B070BDD8010020E8
:10037800D2610020D871002010B5084C01228021DC
:10038800204603F051FD064808F0E2FD2046002211
:10039800BDE81040802103F047BD00BF00080240BF
:1003A800F44400200268084B9A420CD14FF0804375
:1003B8005A6A064B996C9A64511A0A235943044B9A
:1003C80018680BF0ABBE704700040040F4440020EE
:1003D800E401002072B6FEE730B5044689B0142265
:1003E800002103A80FF0F2F92368B3F1A04F36D12A
:1003F8001C4C1D4800250195236B43F00103236322
:10040800236B03F001030193019B03A94FF40073CD
:10041800039303F0BFFB4FF4E0520223CDE903231B
:1004280003210A23CDE906130F48059503A903F014
:10043800B1FB636B43F0800363630295636C43F421
:1004480080436364636C03F48043029343202A4629
:100458002946029B04F046F8432004F075F809B0D9
:1004680030BD00BF003802400000024008B50368F4
:10047800B3F1A04F0ED1084A0848536B23F080030C
:1004880053634FF4F05103F04DFCBDE8084043209E
:1004980004F068B808BD00BF003802400000024000
:1004A80000F29C41D0F8E0040AF08BBF242303FB40
:1004B8000103D0F8E004D3F860220AF0B2BF242385
:1004C80003FB0103D0F8E0041A6A0AF0E4BFD0F88D
:1004D800E0040BF084B810B5C379022B044601D0B0
:1004E800FFF778FFD4F8E00401210BF05CF8D4F8AA
:1004F800E004BDE810400BF026B810B50446D0F86B
:10050800E0040BF053F82268D2F8003E43F00103F0
:10051800C2F8003EE37A23B1024A136943F00603A6
:10052800136110BD00ED00E0D0F8E0040BF04CB80A
:10053800D0F8E0040BF074B8D0F8E0040BF05CB825
:10054800D0F8E0040BF080B8D0F8E0040BF07EB8E7
:1005580008B5027803462ABB1348C0F8E034C3F84C
:10056800C8024FF0A0430360042303714FF40073E3
:10057800C3800223437201234281C381027301F0C5
:10058800BCF808B1FFF726FF8021074801F0A4FE58
:1005980040220021044801F07FFE03488022012107
:1005A80001F07AFE002008BDF045002011F0800F10
:1005B800D0F8C8324FF024021BBF01F07F0102FBC4
:1005C800013102FB0131887D08BF91F8560270475E
:1005D800D0F8C80201F046BA00487047D44A002053
:1005E800704704F073B903289ABF024B185C0320C4
:1005F800704700BFFC00010808B5D0F8C80201F038
:10060800EFF8BDE80840FFF7EEBF08B5D0F8C8021C
:1006180001F0FBF8BDE80840FFF7E5BF08B5D0F8E2
:10062800C80201F011F9BDE80840FFF7DCBF10B5BA
:100638001446D0F8C8021A46234601F08EF9BDE8E0
:100648001040FFF7D0BF08B5D0F8C80201F0BEF9D6
:10065800BDE80840FFF7C7BF08B5D0F8C80201F0E9
:10066800E6FDBDE80840FFF7BEBF08B5D0F8C802F0
:1006780001F01AFABDE80840FFF7B5BF08B5D0F891
:10068800C80201F048FABDE80840FFF7ACBF08B55A
:10069800D0F8C80201F04EF9BDE80840FFF7A3BF43
:1006A80008B5D0F8C80201F0E5F9BDE80840FFF741
:1006B8009ABF08B5D0F8C80201F0B6F9BDE80840FD
:1006C800FFF791BF08B50F490F4800220AF012FE44
:1006D80008B1FFF77FFE0D490B480AF038FE08B154
:1006E800FFF778FE0A4908480BF05EFC08B1FFF7EF
:1006F80071FE05480AF044FE18B1BDE80840FFF74E
:1007080069BE08BD34000020F44C00201C01002004
:100718005C000020122301480B8070470000002075
:10072800042301480B80704714000020002370B593
:100738004D1C1E46040FB0F1204F34BF30343734FF
:1007480001F8134005F813600133DCB2A2424FEA06
:100758000010EFD870BD1A2310B50B80094BD3F8E1
:10076800100AD3F8182A80180AD0D3F8144A064970
:100778000822FFF7DBFF042210312046FFF7D6FFDF
:10078800024810BD0070FF1F1A000020180000204A
:1007980010B5044C04480A4621460BF0C9F9204616
:1007A80010BD00BFD04F00202402010810B5044C32
:1007B80004480A4621460BF0BBF9204610BD00BF8D
:1007C800D04F00203702010810B5044C04480A46EF
:1007D80021460BF0ADF9204610BD00BFD04F0020D8
:1007E8004D02010810B5044C04480A4621460BF096
:1007F8009FF9204610BD00BFD04F002058020108C5
:100808000020704721280CD022281BD0202806D190
:10081800114B0A791A714A795A718A799A710020AA
:1008280070470D4B1A680A701A68120A4A705A887B
:100838008A70DA78CA701A790A715A794A719B797A
:100848008B71ECE74B88054A03F001011170C3F383
:10085800400311785370E2E750000020D051002087
:1008680008B5094800F092F8084800F0FDF8074874
:1008780000F003F9014606480BF0AFFB054B0122D7
:100888001A72002008BD00BFD8710020D261002074
:10089800F44C002050000020044BD3F8BC32D3F8AD
:1008A8001402003818BF0120704700BFF44C002024
:1008B8001FB50E4CD4F8BC32D3F814329BB90C488F
:1008C8000DF10E0100F0B0F8BDF80E305BB10190EB
:1008D80003F0DAFFBDF80E20019920460BF06FFBFC
:1008E80020460BF086FB04B010BD00BFF44C00207E
:1008F800D871002008B5034800F0ADF8FFF7D8FF1D
:10090800002008BDD871002038B50A4D2B7A0BB1EC
:10091800002038BD084800F0B0F801460028F7D09C
:10092800012406482C720BF058FB04480BF07CFBA2
:100938002046EEE750000020D2610020F44C002051
:10094800D0F8D422B03208B550F8223033B10023A1
:100958001A460121FFF7ADFE002008BD0320FCE781
:1009680008B50988064800F0BCF8064B00221A7240
:10097800FFF7CAFF10B90448FFF7E2FF002008BDDF
:10098800D261002050000020F44C002000F5805077
:10099800002343800380704700F580504388008817
:1009A8009BB280B2181A00F6FF704342C3F30B03E0
:1009B800C0F30B0058BF584280B2704700F5805012
:1009C800038840889BB282B203F58050801A434264
:1009D800C3F30B03C0F30B0058BF584280B27047F3
:1009E8002DE9F04100F58056054634883088A4B2D8
:1009F800C4F580549442884617460BD915FA80F0FE
:100A08000EF04AFE338817FA83F2C2F30B023280E3
:100A1800BDE8F081224615FA80F00EF03DFE3A1B43
:100A280008EB04012846EBE700F5805210B514885E
:100A38005388A4B29BB29C422BBF13885388548816
:100A4800C3F5805328BF1B1B9BB20B809380538830
:100A580010FA83F010BD00F5805042888388134453
:100A6800C3F30B034380704700F580500023438095
:100A780003804FF480538380704700F5805382B021
:100A88005A8892B2ADF806201988BDF8062089B2B6
:100A980092B291421A8892B21BD3B2F57C6F08D3F6
:100AA8001A8892B2B2F57C6F08D1BDF8062092B2CE
:100AB80022B11B8810FA83F002B07047BDF80620F7
:100AC80092B2402A0BD91A8892B29A8000221A80D0
:100AD800EFE7BDF80610403289B28A42E9D3002018
:100AE800EAE700F58050038811FA83F189B20180A2
:100AF8000288838892B29BB29A4224BF4FF48053F3
:100B0800838003889BB2B3F5805F24BF00230380F2
:100B1800704700F5805282B013889BB2ADF804305C
:100B280093889BB2ADF806305188BDF8043089B27D
:100B38009BB2994206D8BDF804005388C01A80B207
:100B480002B07047BDF80630BDF80400528880B284
:100B580010FA83F0801AF2E700F5805382B01A8801
:100B680092B2ADF804209A8892B2ADF8062059885E
:100B7800BDF8062089B292B2914204BF00225A8081
:100B88005988BDF8042089B292B2914210D05A888F
:100B980092B2511C89B259805988805CBDF80620F0
:100BA80089B292B2914201D300225A8002B07047B2
:100BB800FF20FBE700F5805382B01A8892B2ADF8A7
:100BC80004209A8892B2ADF806205988BDF806200C
:100BD80089B292B2914224BF00225A805988BDF846
:100BE800042089B292B291421BBF5B889BB2FF205E
:100BF800C05C02B0704773B5064606F580550846D6
:100C08002B889BB2ADF80430AB889BB2ADF80630A8
:100C18006988BDF8063089B29BB2994224BF002387
:100C28006B806988BDF8043089B29BB2994294BF41
:100C3800BDF80430BDF806306C8869881B1B9CB26F
:100C4800944228BF1446224616FA81F10EF024FD7C
:100C58006B8814FA83F39BB26B806A88BDF8063000
:100C680092B29BB29A4228BF0023204628BF6B80CD
:100C780002B070BDF7B500F58054089E2588ADB266
:100C8800ADF80450A588ADB2ADF806506788BDF838
:100C98000650BFB2ADB2AF4224BF00256580678859
:100CA800BDF80450BFB2ADB2AF4294BFBDF8045016
:100CB800BDF806506788ED1BADB26788AB4210FAE5
:100CC80087F728BF2B46002085B2AB4210D8338067
:100CD800628813FA82F39BB263806288BDF806309B
:100CE80092B29BB29A424FF0000028BF608014E095
:100CF80017F800C08C4512D163889BB201332B448E
:100D08009BB263806288BDF8063092B29BB29A4269
:100D180024BF002363800120358003B0F0BD02F8B2
:100D280000C00130D0E7704708B500F004FB33205D
:100D380008BD08B52421322000F047FB60F07F0091
:100D4800C2B2BDE808402421322000F03DBB10B5F6
:100D5800044600F0F0FAFFF7ECFFE2B2202132205F
:100D680000F032FB220A2321BDE81040322000F0B7
:100D78002BBB10B521210446322000F026FB00F0E1
:100D88000C0040EA04022121BDE81040322000F0A6
:100D98001BBB10B521210446322000F016FB00F0E1
:100DA800F70040EA04022121BDE81040322000F09B
:100DB8000BBB2DE9F04723210746322000F005FB45
:100DC80024218046322000F000FB2821322000F048
:100DD800FCFA292145B2322000F0F7FA2A214FFA0D
:100DE80080FA322000F0F1FA2B2144B2322000F0D0
:100DF800ECFA2C214FFA80F9322000F0E6FA2D2186
:100E080046B2322000F0E1FA18F0400F43B208F081
:100E180030021DBF0AEB052509EB042403EB062667
:100E280005EB0A2504BF04EB092406EB0326202A58
:100E38000DD0302A0DD0102A14BF012302235D43A0
:100E48005C4373433D607C60BB60BDE8F08704236E
:100E5800F5E70C23F3E710B521210446322000F012
:100E6800B4FA00F0FB0040EA04022121BDE810407A
:100E7800322000F0A9BA10B522210446322000F031
:100E8800A4FA2043C2B2BDE810402221322000F06B
:100E98009BBA10B522210446322000F096FA20EAC7
:100EA8000400C2B2BDE810402221322000F08CBA02
:100EB80010B525210446322000F087FA2043C2B23B
:100EC800BDE810402521322000F07EBA10B525215A
:100ED8000446322000F079FA20EA0400C2B2BDE8E4
:100EE80010402521322000F06FBA38B505460C466F
:100EF8003220302100F069FA2C430443E2B2302159
:100F0800BDE83840322000F05FBA38B505460C46D7
:100F18003220302100F059FA2C4320EA0404E2B2CE
:100F28003021BDE83840322000F04EBA38B50546C9
:100F38000C463220342100F048FA2C430443E2B234
:100F48003421BDE83840322000F03EBA38B50546B5
:100F58000C463220342100F038FA2C4320EA0404ED
:100F6800E2B23421BDE83840322000F02DBA10B585
:100F780038210446322000F028FA2043C2B2382132
:100F8800322000F021FA0A223A21322000F01CFA1D
:100F980005223B21322000F017FA05223C2132209D
:100FA80000F012FA3222BDE810403D21104600F050
:100FB8000BBA08B500F0E0F98020FFF75CFF0420C9
:100FC800FFF749FFBDE808401020FFF7D0BF10B574
:100FD80038210446322000F0F8F920EA0400C2B2B1
:100FE800BDE810403821322000F0EEB970B52D4D23
:100FF80088B0284606F03CFF044600284FD12A4B0B
:101008002B604323EB60294B294E0190C5E9013041
:101018004FF48043C5E90430C5E906002862336C03
:1010280043F400133364336C03F400130193019BFE
:101038000290336B43F002033363336B059403F080
:1010480002030293029B4FF4107012234FF0020C1C
:10105800CDE9030303A904231648CDE906C302F02A
:1010680099FD336A43F400133362336A23F400139F
:10107800336222460F211F2003F034FA1F2003F0A9
:1010880063FA22460F21202003F02CFA202003F0D7
:101098005BFA284608B0BDE8704003F09BBE08B074
:1010A80070BD00BFE081002000540040A086010010
:1010B80000380240000402407FB500238DF8173045
:1010C8000B4B1B6802930A4601230DF1170100918F
:1010D80001930146074804F0CBFE20B1054803F010
:1010E80022FFFFF783FF9DF8170007B05DF804FBA8
:1010F800A4000020E08100207FB50C4B8DF817205C
:101108001B6802930DF117020123009201930A460E
:101118000146074804F01CFE20B1054803F003FF10
:10112800FFF764FF07B05DF804FB00BFA4000020D0
:10113800E0810020004870470005000130B58BB001
:1011480008BB274B01901A6B42F008021A631B6B0D
:1011580003F008030193019B224C234B04EB80040A
:1011680033F81050606805950123CDE9063305A9C9
:101178000223089302F00EFD60680022294602F05F
:1011880053FE0BB030BD01280CD100230293144B41
:101198001A6B42F008021A631B6B03F008030293F0
:1011A800029BD9E702280CD1002303930C4B1A6B3E
:1011B80042F008021A631B6B03F008030393039BB6
:1011C800CAE70328C8D100230493054B1A6B42F0E1
:1011D80008021A631B6B03F008030493049BBBE724
:1011E80000380240A400002000010108044B054912
:1011F80003EB800331F810105868012202F014BE86
:10120800A400002000010108044B054903EB8003FA
:1012180031F810105868002202F006BEA400002021
:1012280000010108044B054A03EB800332F8101053
:10123800586802F0FEBD00BFA400002000010108AC
:1012480010B586B050B9194B00901A6B42F00102E4
:101258001A631B6B03F001030093009B71B9012310
:10126800CDE901310223CDE90333114B03EB8000B3
:1012780001A9406902F08EFC06B010BD0129FBD11E
:1012880000244FF48813CDE90234094B019103EB94
:10129800800001A9406902F07DFC22460F2106204A
:1012A80003F020F9062003F04FF9E5E70038024083
:1012B800A400002008B5044B03EB8000012140691D
:1012C80002F0ACFD08BD00BFA4000020F0B587B057
:1012D8000026154B00961A6B144C42F008021A634C
:1012E8001B6B03F008030093102501A92046009BFF
:1012F80001270223CDE90363CDE9015702F04AFC37
:10130800FFF774FE32462946204602F08DFD05207F
:1013180003F0DCFA3A462946204602F085FD05200E
:1013280003F0D4FA07B0F0BD00380240000C0240C8
:101338007047E1E6C0E67FB500230D4A0093116BC4
:101348000C4841F010011163126B039302F0100274
:101358000092009A0422CDE901230DEB0201022339
:10136800049302F017FCFFF741FE07B05DF804FB99
:10137800003802400010024010B586B00024104B1F
:1013880000941A6B0F4842F010021A631B6B03F0AB
:1013980010030093009B30224FF48813CDE90123FA
:1013A80001A90223CDE9034302F0F4FB22460F21F1
:1013B8000A2003F097F80A2003F0C6F806B010BD1B
:1013C800003802400010024096E675E638B5094C30
:1013D800A368984733280BD1074D23682C6041F642
:1013E800770098472B6890209B6A9847002038BD63
:1013F8000120FCE77000002034820020024B1B68AB
:10140800DB6803B11847704734820020024B1B6821
:101418005B6903B1184770473482002038B5084D1E
:101428002B681B6B04464BB19847064B2A689A42B7
:1014380001BFD4E900325B422260636038BD00BF5F
:101448003482002070000020FEE708B50020FFF776
:10145800E9FEFEE7FEE7FEE7FEE7704770477047E4
:1014680003F006BA014800F09BBB00BFF04500201E
:1014780082B00D4B002100915A6C42F480425A64AC
:101488005A6C02F480420092009A01911A6C42F060
:1014980080521A641B6C03F080530193019B072050
:1014A80002B003F00DB800BF0038024030B5044662
:1014B80089B01422002103A80EF088F92268144B81
:1014C8009A4222D1134C144800250195236B43F00E
:1014D80002032363236B03F002030193019B4FF480
:1014E80010721223CDE903230123059303A90423D2
:1014F800079302F04FFB0295236C43F40013236417
:10150800236C03F400130293029B09B030BD00BFA3
:1015180000540040003802400004024008B5026848
:10152800094B9A420FD1094A0948136C23F4001356
:101538001364402102F0F6FBBDE8084004484FF46C
:10154800007102F0EFBB08BD0054004000380240B3
:10155800000402400B4A116810B5034609B90A494C
:101568001160106809490A4C0344091B8B4206D9CB
:101578000EF026F80C2303604FF0FF3010BD136007
:10158800FCE700BF388200205882002000000220BB
:101598000004000070470120704708B50EF010F8ED
:1015A800162303604FF0FF3008BD08B50EF008F8A9
:1015B80016230360FEE770B50D4614460E46731BEE
:1015C8009C4201DC204670BDAFF3008006F8010B99
:1015D800F5E770B50D4614460E46731B9C4201DCB8
:1015E800204670BD16F8010BAFF30080F5E74FF009
:1015F800FF3070474FF400534B60002070470120C4
:101608007047002070470EB44FF0FF3003B07047AA
:1016180008B50DF0D5FF0A2303604FF0FF3008BD71
:1016280008B50DF0CDFF022303604FF0FF3008BD71
:101638004FF0FF3070474FF400534B600020704765
:1016480008B50DF0BDFF1F2303604FF0FF3008BD44
:1016580008B50DF0B5FF0B2303604FF0FF3008BD50
:1016680008B50DF0ADFF0C2303604FF0FF3008BD47
:10167800034AD2F8883043F47003C2F888307047C0
:1016880000ED00E0174A1849936803F00C03042B97
:101698000DD0082B0DD0154B0B60124B144A9B68CC
:1016A800C3F30313D25C0B68D3400B607047114B34
:1016B800F2E75368506813F4800F00F03F00536856
:1016C80014BF0C4A094AB2FBF0F0064A5268C2F34A
:1016D8000142C3F38813013243435200B3FBF2F3D0
:1016E800DAE700BF00380240C00000200024F40000
:1016F8000C01010800127A007047F7B5044610B3D0
:1017080090F89534056803F0FF021BB980F894241B
:10171800FEF762FE0323B5F1A04F84F8953404BFA9
:101728000023A371206800F0BFFE237C8DF80030F1
:10173800251D95E80E00206800F0FCFD014620B14B
:10174800022384F89534012546E0206800F0B2FEB3
:101758000028F5D1267904F1140301270246C1B205
:101768008E4203F1240317D8002104F515730A46A5
:10177800C8B2864203F124031CD8237C8DF80030BC
:1017880095E80E00206800F010FF01230546E8B137
:10179800022284F89524D6E723F80A0C43E90722A5
:1017A80003F8237C03F8241C03F8202C43F8142C9A
:1017B8000130D4E743E9072203F8232C03F8240C6B
:1017C80003F8202C43F8142C0131D1E76074206809
:1017D80084F8953401F0BCFA284603B0F0BD704790
:1017E80038B5044610B90125284638BD032380F8CA
:1017F8009534006801F06EFA05460028F3D12046BA
:10180800FEF734FE84F89554EEE710B504460068F8
:1018180094F89434012B15D0012384F89434C368C8
:101828005B0606D5637B012B02BF836B43F48033D1
:10183800836300F033FE206801F07CFA002084F80E
:10184800940410BD0220FCE738B590F89434012BBD
:1018580004461BD00568012380F89434284600F01C
:1018680023FE206801F074FA2068102100F052FE6F
:10187800EB685B0606D5637B012B02BFAB6B23F4D9
:101888008033AB63002084F8940438BD0220FCE761
:101898000368B3F1A04F044B0CBF4FF480224FF400
:1018A80080125A61704700BF003C01407047704782
:1018B8007047704770477047704770477047704768
:1018C800704710B50446006894F89434012B12D080
:1018D800012384F89434C3685B0606D5637B012B27
:1018E80002BF836B43F48033836301F023FA002043
:1018F80084F8940410BD0220FCE738B590F89434BD
:10190800012B044614D00568012380F89434284636
:1019180001F01EFAEB685B0606D5637B012B02BF5C
:10192800AB6B23F48033AB63002084F8940438BD98
:101938000220FCE710B590F89424012A04460AD046
:10194800012280F894244174006801F0E3F9002032
:1019580084F8940410BD0220FCE770B501F00F066E
:1019680006EBC60411F0800F05464FEA84044FF0D9
:10197800240020D000FB065004F11401012429445E
:101988004475C2F30A028A604A780E700B7102B17C
:101998004E83022B04BF00234B7195F89434012B1E
:1019A80012D00123286885F8943400F0C4FE002082
:1019B80085F8940470BD00FB065004F515710024E9
:1019C800294480F85542DCE70220F3E710B50446C5
:1019D80001F00F0000EBC00311F0800F4FEA830302
:1019E8004FF0240215D002FB004203F11401012339
:1019F80021445375087094F89434012B12D00123B4
:101A0800206884F8943400F013FF002084F89404CC
:101A180010BD02FB004203F515710023214482F832
:101A28005532E7E70220F3E738B501F00F05242423
:101A380004FB050104FB0504C4E998230023C4F84A
:101A4800683284F8553284F8545283790068012B3F
:101A580008BFC4F8702201F515711A4600F0D6FFC8
:101A6800002038BD01F00F01242303FB0100D0F84A
:101A78006802704738B501F00F05242404FB0501FE
:101A880004FB0504C4E908230023A362012363754A
:101A9800257583790068012B08BF226314311A4623
:101AA80000F0B4FF002038BD38B5037901F00F0508
:101AB800AB4204462BD311F0800F4FF024001DD009
:101AC80000FB054200FB0541012314315375012336
:101AD8008B700D7094F894249A421AD0206884F878
:101AE800943401F0A3F82DB9A179206804F29C423E
:101AF80001F08BF9002084F8940438BD00FB014301
:101B08001A4603F51571002382F85532DFE70120E4
:101B1800F3E70220F1E738B5037901F00F029342A9
:101B2800044629D302EBC20311F0800F4FEA830366
:101B38004FF0240017D000FB024003F114010123E9
:101B48002144437500258D700A7094F89434012B54
:101B580014D00123206884F8943401F092F884F8B2
:101B68009454284638BD00FB024003F51571002344
:101B7800214480F85532E5E70120F3E70220F1E738
:101B880001F00F0303EBC3030A064FEA83034CBFBC
:101B980003F1140103F515710144006800F0E1BE7A
:101BA8002DE9F04F066889B00446304601F019F96E
:101BB8000390002840F05481206801F0D7F80028ED
:101BC80000F04E81D6F808382068C3F30D23C4F816
:101BD800D43401F0CBF8870748BF2268206842BF99
:101BE800536903F00203536101F0C0F8C00606F51B
:101BF80000652CD52268936923F010039361D6F809
:101C08002080C8F34343022B08F00F0740F02B81D4
:101C180047F6F07318EA030F14D0242303FB074791
:101C2800C8F30A19D7F860124A46304600F0DEFFBA
:101C3800D7F860324B44C7F86032D7F868324B4463
:101C4800C7F868322268936943F0100393612068EB
:101C580001F08CF8010300F11881206801F086F882
:101C680042030CD5206801F095F82746049006F544
:101C7800106A4FF00009049B002B40F0D2812068C5
:101C880001F074F8002813DA6B6823F001036B6025
:101C980094F8CC34012B40F06B82002184F8CC14EA
:101CA800204600F01DFB2268536903F0004353618E
:101CB800206801F05BF807050AD5AB68D80702D59C
:101CC8002046FEF71AFC2268536903F40063536147
:101CD800206801F04BF8C10433D56B68206823F005
:101CE80001036B60102100F015FC207906F51063E4
:101CF8004FF67F31039A904200F23E82EB6943F03F
:101D08000113EB61E37B002B00F05282D5F884309D
:101D180043F00B03C5F884306B6C43F00B036B6422
:101D2800D6F80038206823F4FE63C6F8003804F2B9
:101D38009C42A17901F069F82268536903F4805341
:101D48005361206801F012F8820416D5206801F06A
:101D58004CF8206800F0E4FCE071276801F07EFE92
:101D6800E2790146384600F029FB2046FEF7B3FB2E
:101D78002268536903F400535361206800F0F6FFAA
:101D8800030707D52046FEF7A2FB2268536903F034
:101D980008035361206800F0E9FF070600F1138289
:101DA800206800F0E3FFC0020CD5A04606F51269D2
:101DB80001272379BB4200F21F822268536903F48A
:101DC80080135361206800F0D1FF81022BD594F86D
:101DD80004E0234606F532614FF0010CE6451DD9B3
:101DE80093F87C720868012F40F01C82002880F26A
:101DF8001982D4F8D42482EA1040C20700F1128272
:101E080083F87B72B06940F08000B06170690006A9
:101E180000F108826B6843F400736B6022685369B1
:101E280003F400135361206800F0A0FF410007D5B8
:101E38002046FEF785FB2268536903F0804353610F
:101E4800206800F093FF42070AD523685D686B0796
:101E580002D52046FEF778FB226853682B4353606F
:101E680009B0BDE8F08F062B7FF4ECAE082204F22F
:101E78009C41304600F0BAFE242303FB0747C8F311
:101E88000A18D7F868324344DAE6206800F07AFF87
:101E980006F530680490A2460027049B002B3FF407
:101EA800DCAE049BDB0779D55FFA87FB20685946CF
:101EB80000F078FF10F0010F81461FD0D4F800E041
:101EC8000123C8F8083094F806C0DEF840100EF573
:101ED800306303EB4713BCF1010F9A6840F08C8024
:101EE800100707D5B048814208D9120406D54FF427
:101EF800004202E090065AD520229A6019F0080F95
:101F080021D00823C8F808302368A7481A6C03F5BD
:101F1800306303EB47138242996804D9090444BF2C
:101F28004FF40041996020460592FEF7B9FA9E4B9E
:101F3800059A9A4207D9A179012904D1206804F2A7
:101F48009C4200F062FF19F0100F1CBF1023C8F864
:101F5800083019F0020F14D073691A0642BF6B6873
:101F680043F480636B609AF85732012B06D1002343
:101F78008AF8573259462046FEF7DAFA0223C8F89B
:101F8800083019F0200F1CBF2023C8F8083019F4B6
:101F9800005F1CBF4FF40053C8F80830049B5B086F
:101FA8000137049308F120080AF1240A75E712F0B2
:101FB800280FA3D17C48814201D9100497D41A690B
:101FC800DAF87432C2F312029B1ACAF8683277B987
:101FD800D4F8642232B904F29C420121704600F020
:101FE80014FF04E0D4F860221344C4F86032594660
:101FF8002046FEF75BFA81E76C48814207D111045D
:102008003FF575AF9006F2D520229A60EFE7002FD2
:10201800EDD1D4F86432002BE9D104F29C42394660
:10202800DCE7049BDB0740F19A805FFA89FB2068B4
:10203800594600F0C0FE10F0010F804620D0012163
:102048006B6B09F00F0201FA02F223EA02036B63D9
:10205800CAF808100B46A17999420DD1D7E9072390
:1020680013443B62B9F1000F06D1636A23B92068B3
:1020780004F29C4200F0C9FE59462046FEF71FFABA
:1020880018F0080F1CBF0823CAF8083018F0100F02
:102098001CBF1023CAF8083018F0400F1CBF40239B
:1020A800CAF8083018F0020F10D04946304600F040
:1020B80031FAFB7D012B06D14FF00003FB75594621
:1020C8002046FEF739FA0223CAF8083018F0800FC4
:1020D80045D0D7E909329A4241D89B1AFA69216852
:1020E8000591934228BF134603339B08069301F5D5
:1020F800106303EB49130793079B0698996989B204
:102108008142D7E9093228D393420CD8059B09F0BC
:102118000F01D3F83428012000FA01F122EA010264
:10212800C3F834281BE0A3EB0208FB69059898451F
:1021380028BF984608F103039B080693A3790093E8
:10214800396A1FFA88F35A4600F04DFC3B6A43444B
:102158003B62BB6A4344BB62CEE79342D6D9049B39
:102168005B0809F10109049324370AF1200A82E582
:102178002046FEF7D9F996E599601A6822F400120C
:102188001A60C3F80812D3F8002222F40012C3F828
:102198000022D3F8002242F00062C3F80022039A1A
:1021A800013203922033A5E50A30544F0A31544FC7
:1021B8006B6943F4005343F02B036B612B6943F0C5
:1021C8000B032B61ACE5B36923F08003B3610127EE
:1021D80004F257284FF024092379BB427FF6E0AD7B
:1021E80009FB07F318F80330012B03D1F9B2204695
:1021F800FFF7C6FC0137EFE798F83C30D9F8002024
:10220800012B09D1002A07DA67F07F0188F83B30F3
:10221800C9B22046FFF7B4FC013708F1240809F1D8
:102228002009C6E50CF1010C24332031D6E510B5A0
:1022380090F89434012B044610D0012380F894348C
:102248000B06006807D501F00F0100F063F90020C4
:1022580084F8940410BD00F080F9F8E70220F9E74B
:10226800006801F013B9006801F01CB990F89504F2
:1022780070474B1E042B0CD80368D3F8042822F0AF
:102288007002C3F80428D3F8042842EA0111C3F8FD
:1022980004180020704700BF006870B51204446A33
:1022A80019B922438262002070BD836A4D1E04EB77
:1022B800134400235E1CDBB29D4205D83F3100EB7E
:1022C800810022434260EEE7403300EB83035B6802
:1022D80004EB13443346EDE7036800205962704766
:1022E8007047704782B000230193019B013301932B
:1022F800019BB3F1706F1BD80369002BF5DA0A2331
:102308000193019B8BB9036943F001030361019BAE
:1023180001330193019BB3F1706F09D8036913F07E
:102328000103F4D1184602B07047019B013BE7E76F
:102338000320F8E784B038B505AD85E80E009DF8B0
:102348001930012B044627D1836B23F48033836330
:10235800C36823F4840323F04003C360C36823F4F1
:102368004013C3609DF82030012B02BFC36843F4BB
:102378008013C360FFF7B6FF9DF81630012B07D115
:10238800A36843F00603A360A36843F02003A36097
:10239800BDE8384004B07047C36843F04003C360E9
:1023A800FFF7A0FF9DF81D3023B9A36B43F48033DA
:1023B800A363E1E7A36B23F48033F9E7022A4AD148
:1023C800274B284A0B44934239D9274B274A0B44B9
:1023D800934236D9264AA1F57403A3F510539342C4
:1023E80031D9244AA1F18373A3F5E74393422CD34F
:1023F800214B224A0B44934229D9214B214A0B44B1
:10240800934226D3204B214A0B44934223D3204A9C
:10241800A1F1B773A3F5585393421ED31D4B1E4A1F
:102428000B44934234BF07230623C26822F4705238
:10243800C260C26842EA8323C360002070470F234A
:10244800F3E70E23F1E70D23EFE70C23EDE70B236A
:10245800EBE70A23E9E70923E7E70823E5E700BFF5
:10246800405327FFFF340C00401E1BFF3F420F0064
:102478007F4F120020D6130060B6E5FE5FE316001A
:1024880000D3CEFE40771B00C05BB3FEC091210095
:1024980020753800E05459FEE09C4100836843F001
:1024A8000103836000207047836823F00103836081
:1024B8000020704738B5C368012923F0C04305469A
:1024C800C36010D1C36843F00053C36000240A20DE
:1024D80002F0FCF96B69D90704F10A0415D4C82C79
:1024E800F5D1012038BD0029FBD1C36843F08043F2
:1024F800C3600C460A2002F0E9F96B69DA0704F1B7
:102508000A0402D5C82CF5D1EBE7A4F1C803584258
:102518005841E7E782B000230193019B01330193FF
:10252800019BB3F1706F16D80369002BF5DA8901A6
:10253800002341F0200101930161019B01330193C4
:10254800019BB3F1706F06D8036913F02003F4D12F
:10255800184602B070470320FBE782B000230193BE
:10256800019B01330193019BB3F1706F14D8036988
:10257800002BF5DA0023019310230361019B01333B
:102588000193019BB3F1706F06D8036913F0100330
:10259800F4D1184602B070470320FBE7D0F80038A2
:1025A8001943C0F800180020704784B02DE9F8439B
:1025B800044609A880E80E0000239DF824609DF8D1
:1025C8002E50194603F1400204EB820201330F2B0F
:1025D8005160F7D104F50067002D6CD17B6843F09A
:1025E80002037B60A36B43F40013A363A36B23F480
:1025F8000023A363A36B23F48023A3630023C4F8FD
:10260800003E9DF82930012B5FD19DF82710002945
:1026180059D12046FFF7C2FF10212046FFF77AFF65
:1026280002462046FFF799FF1043C0B20023003846
:102638003B6118BF01207B6104F51062FB611946FC
:102648004FF0904C4FF0006E4FF67F389E423ED8C8
:10265800002204F5306311464FF0904C4FF0006EA5
:102668004FF67F38964245D83B6923F480733B6127
:102678000023A3616FF0804363619DF826301BB986
:10268800A36943F01003A361A269244B1343A36118
:102698009DF82A301BB1A36943F00803A361012DFB
:1026A80001BFA36943F0804343F00403A361BDE87D
:1026B800F84304B07047A36B23F40013A363A36B20
:1026C80043F4002399E71946A3E70321A1E7D2F8C9
:1026D8000090B9F1000F0BDA3BB9C2F800E01161C4
:1026E8000133C2F808802032B0E7C2F800C0F6E72C
:1026F8001160F4E7D3F80090B9F1000F0BDA3AB99A
:10270800C3F800E019610132C3F808802033A9E753
:10271800C3F800C0F6E71960F4E700BF00383C8052
:10272800D0F8083813F0060004D013F0020F14BFD5
:1027380002200F20704730B50D78012405F00F03F3
:102748009C404B7800F50062012B00EB4510D369E3
:1027580018D11C43D461D0F800391A0410D48A68FF
:10276800D0F80049C2F30A030A79234343EA8243B3
:1027780043EA855343F0805343F40043C0F80039DB
:10278800002030BD43EA0444D461D0F8003B1B0468
:10279800F6D48B68D0F8002BC3F30A0313430A79E5
:1027A80043EA824343F0805343F40043C0F8003BBC
:1027B800E6E74B78F0B50E78012B00EB461406F0EF
:1027C8000F0500F500601CD1D4F800391A0410D4A4
:1027D8008A68D4F80079C2F30A030A793B4343EACA
:1027E800824343EA865343F0805343F40043C4F8DA
:1027F8000039C26B012303FA05F51543C5630020B0
:10280800F0BDD4F8003B1B040ED48A68D4F8003B12
:10281800C2F30A0213430A7943EA824343EA86531E
:1028280043F40043C4F8003BC26B4FF48033E2E743
:1028380010B50A784978012900EB421300F50060C9
:1028480002F00F0222D1D3F8001900290BDAD3F8CD
:10285800001941F00061C3F80019D3F8001941F0DC
:102868008041C3F80019C46B012101FA02F224EA7D
:102878000204C463C16921EA0202C261D3F80019E3
:10288800144A0A40C3F80029002010BDD3F8001BE1
:1028980000290BDAD3F8001B41F00061C3F8001BD4
:1028A800D3F8001B41F08041C3F8001BC46B4FF400
:1028B800803101FA02F224EA0204C463C16921EA00
:1028C8000202C261D3F8001B034A0A40C3F8002B76
:1028D800DAE700BF007833EC0078F3EF0A7849783C
:1028E800012900EB421300F5006002F00F021ED12F
:1028F800D3F8001900290BDAD3F8001941F0006168
:10290800C3F80019D3F8001941F08041C3F8001941
:10291800D3F8001921F40041C3F80019C369012153
:1029280001FA02F223EA0202C26100207047D3F8DA
:10293800001B00290BDAD3F8001B41F00061C3F833
:10294800001BD3F8001B41F08041C3F8001BD3F8EB
:10295800001B21F40041C3F8001BC3694FF4803108
:10296800DEE782B000234A7801930B78012A4FEA08
:1029780043131ED100F51060C118C258002A02DBAB
:10298800002002B07047C25842F00062C250C258DC
:1029980042F08042C25042F21072019B013301930F
:1029A800019B934201D90120EBE70B68002BF4DB74
:1029B800E6E700F53060C118C258002AE0DAC258CC
:1029C80042F00062C250C25842F08042C25042F205
:1029D8001072019B01330193019B9342E3D80B686A
:1029E800002BF6DBCCE710B59DF8084044B903335B
:1029F80001329B0800EB023001EB83038B4201D1CB
:102A0800002010BD51F8042B0260F7E72DE9F341CF
:102A18004B7891F800C00C690E79DFF8C8E1DFF84F
:102A2800C881012B00EB4C1540F08A8005F5106732
:102A38003B6944BB03EA0E033B613B6943F4002353
:102A48003B613B6903EA0803012A3B614ED1CB692C
:102A580003B17B61012E0CD1D0F8083813F4807FC4
:102A6800D5F800390CBF43F0005343F08053C5F844
:102A78000039D5F8003943F00443C5F8003900207F
:102A880002B0BDE8F08103EA08033B613B6903EA51
:102A98000E033B618B68BCF1000F0CD19C4288BFD0
:102AA8000B613B6943F400233B610B693C69C3F349
:102AB80012032343C8E71C44013CB4FBF3F4484B1E
:102AC800D7F810E01FFA84F803EAC44444EA0E0475
:102AD800012E3C61E9D13B6923F0C0433B613C696D
:102AE8004FEA487303F0C0432343DDE7D5F80039C4
:102AF800012E43F00443C5F800390B690CD0002BB4
:102B0800BDD0D0F834380CF00F0C012202FA0CF2C8
:102B18001A43C0F83428B2E7D0F8084814F4807F84
:102B2800D5F800490CBF44F0005444F08054C5F86F
:102B380000490092C9689BB26246FFF754FF9EE7BE
:102B4800D5F8103B03EA0803C5F8103BD5F8103B4D
:102B580003EA0E0305F530673B618B68BCF1000F93
:102B680026D104B10B610B623C69C3F31203234302
:102B78003B613B6943F40023012A3B6102D1CB68E6
:102B880003B17B61012E0CD1D0F8083813F4807F93
:102B9800D5F8003B0CBF43F0005343F08053C5F811
:102BA800003BD5F8003B43F00443C5F8003B66E71B
:102BB800002CD9D01C44DFF828C0D7F810E0013C1D
:102BC800B4FBF3F4A4B263430CEAC44444EA0E042D
:102BD8000B623C613C69C3F312032343CCE700BF9B
:102BE8000000F81FFFFF07E00000F8FF034670B57C
:102BF8009008002402F0030203F58055844210D3A4
:102C080001EB800062B103F580531C680023D900F2
:102C180024FA01F1C154013399B28A42F7D1104420
:102C280070BD2E6841F824600134E7E74A780B78D4
:102C3800012A00EB431012D1D0F80029002A06DB44
:102C48002BB1D0F8003923F08043C0F80039D0F810
:102C5800003943F40013C0F8003900207047D0F859
:102C6800002B002A06DB2BB1D0F8003B23F0804371
:102C7800C0F8003BD0F8003B43F40013C0F8003B19
:102C8800EBE70B784A7800EB43100B79012AA3F1A4
:102C98000203DBB20FD1D0F80029012B22F4001275
:102CA800C0F8002905D8D0F8003943F08053C0F89F
:102CB800003900207047D0F8002B22F40012012BB5
:102CC800C0F8002B9EBFD0F8003B43F08053C0F8FB
:102CD800003BEEE710B5024600F510634FF67F3172
:102CE80000F52E609960C3F8081220338342F9D1A9
:102CF8000021C2F810181046C2F81418C2F81C189F
:102D0800FFF72BFC28B9BDE8104010211046FFF74B
:102D180001BC10BDD0F8003823F4FE63C0F80038B9
:102D2800D0F80038090101F4FE611943C0F8001811
:102D380000207047D0F8003E23F00303C0F8003E9F
:102D4800D0F8043823F00203C0F804380020704794
:102D5800D0F8003E23F00303C0F8003ED0F8043852
:102D680043F00203C0F804380020704742698069C4
:102D78001040704700EB4111D1F80805D1F80C3527
:102D880018407047D0F8183800F50060C06918403E
:102D9800000C7047D0F8183800F50060C06918407A
:102DA80080B2704700EB411100F50060D1F8082BA4
:102DB80040691040704710B5D0F81048D0F8343842
:102DC80000EB411001F00F01CB4000F51060DB0172
:102DD8008068DBB22343184010BD43691940416144
:102DE8007047406900F001007047D0F8003923F4BB
:102DF800FF6323F00703C0F80039D0F8043843F420
:102E08008073C0F804380020704730B5056C114C49
:102E1800A54200F5306303D9D0F8004B002C16DB2F
:102E280000241C611C6944F400241C611C6944F0E2
:102E380018041C611C69012944F0C0441C6101BFCD
:102E48005A61D0F8003B43F08023C0F8003B0020D3
:102E580030BD00BF0A30544F84B070B5044605A891
:102E680080E80E000023C4F8003EA36B43F400136F
:102E7800A363A36B23F40023A363A36B23F480232E
:102E8800A363E3685B063AD49DF81730012BD4F8A6
:102E9800003436D143F00403C4F80034102120462E
:102EA800FFF738FB02462046FFF757FB1043C0B236
:102EB80000384FF000039DF8156018BF012004F595
:102EC800A0621D464FF0FF319E421DD88023A561A8
:102ED8006161636203F5C003A3620E4BC4F800315D
:102EE8009DF816301BB9A36943F01003A361A269CA
:102EF800094B1343A361BDE8704004B07047D4F890
:102F0800003423F00403C7E791600133D560203211
:102F1800DAE700BFE0004000080020A3D0F8003442
:102F280023F0030310B5C0F80034D0F8004401F0D2
:102F380003032343012900F58062C0F8003404D15B
:102F48004BF680335360002010BD022902D141F2B4
:102F58007073F7E70120F7E737B500250195D0F83A
:102F680040340193019B23F02E030193019B43F40A
:102F780080730446C0F84034642001F0A7FC019B2C
:102F880023F48073C4F840340A2001F09FFC2846DB
:102F980003B030BD82B000230193D0F840340193D0
:102FA800019B23F02E030193019BDA0406D4012927
:102FB80002BF019B43F48053C0F84034019BDB04FB
:102FC80005D521B9019B23F48053C0F84034002073
:102FD80002B0704782B000230193D0F840340193C7
:102FE8000198C0F3414002B0704700F580608068E6
:102FF80080B270472DE9F84300EB411707F5A06C44
:103008009DF824501C464FF0FF33CCF808304FFA97
:1030180082FE032D6BD8DFE805F0025E025B40F20A
:103028009D43BEF1000FCCF80C3005DADCF80C300B
:1030380043F48073CCF80C3000264FF00008CCF82D
:103048000480DCF80C3043F00203CCF80C30D0F8E4
:10305800189401F00F030121994041EA0901C0F8D1
:103068001814836943F00073C6458361B4BF4FF4F5
:1030780000414146FFF7AEFF9DF82030022B03D1F7
:10308800022818BF4FF40038A305BDF82840C4F340
:103098000A0444EA080403F0FE53D202234302F46C
:1030A800F0421343AA0402F4402213430B4343F4AF
:1030B800801305F0FD05C7F80035012D02BFD7F8CC
:1030C800003543F00053C7F800353046BDE8F883B3
:1030D80040F29D63A5E740F22523BEF1000FCCF82E
:1030E8000C30A9DADCF80C3043F4C073A2E70126EF
:1030F800A3E72DE9F0438E7991F80190CD78012E60
:1031080085B0944640F09E8015B18B8ACB6112E061
:103118008C7C0B6A012C40F08C80CC68BC2B04F1B1
:10312800FF347FD98B8A012CC1E9073302D80223E7
:10313800CB6000E0CE60012491F816E0CA694FEA3E
:103148004E7E00EB49170EF0C04EC2F3120807F589
:10315800A0634EEA080E4EEAC4441C61BCF1000F9D
:1031680001D08C695C61D0F80844D7F8008528F054
:103178000058C7F80085E443D7F80085640704F0D1
:10318800005444EA0804012E00F5806EC7F8004593
:103198007CD14E7C0C7C44EAC61444F000445C604C
:1031A800DC6844F06004DC60CC79012C08D13DB9BE
:1031B8005E6846F480365E60DE6846F04006DE6093
:1031C8008E7C012E00F08980032E07D1012C05D1B9
:1031D800012D03D15C6844F480345C60D7F8003575
:1031E8000393039B23F080430393039B002D4FD04D
:1031F80043F400430393039B43F000430393039B6F
:10320800C7F800355CEA050357D10B6A002B54D088
:10321800CC79002C51D18C7C032C47D8DFE804F002
:103228003B513B51012CCB6101D9042380E7032397
:103238007EE7012A7FF46AAF8C8A9C42BFF466AFAE
:10324800CC6178E70B6A7BB18F8A5C1E3C44B4FB87
:10325800F7F4A4B2B4F5807F28BF4FF480740DB1A1
:103268008B8A6343CB6167E70124F8E75C6844F421
:103278000044B2E75C6844F00E04AEE75C6844F4CE
:103288008044AAE75C6844F44044A6E70024A4E725
:1032980023F40043AEE7C56ADC1CADB2C4F38F0467
:1032A800A54203D2846944F0200484610024009478
:1032B80089699BB24A46FFF796FB002005B0BDE836
:1032C800F083DEF81050DC1CADB2C4F38F04A542C5
:1032D800ECD2846944F08064E7E7012C02D1012D27
:1032E8003FF478AF002D7FF479AFCC68013C032C14
:1032F8003FF674AF01A252F824F000BF75320008FF
:103308007D320008853200088D32000800F58060A3
:10331800406980B2704773B500EB4111002301F595
:10332800A0620193D1F80035D1F800455568866848
:10333800B6064FEA934308D5002D06DB002C01DAC8
:10334800DD0704D5002002B070BDDC072AD4D1F80F
:10335800003543F08043C1F8003583689B061AD4D2
:10336800C36A13F47F0FD1F8003516D123F0004358
:10337800C1F80035D1F8003543F00043C1F80035F5
:10338800019B01330193019BB3F57A7FDAD8136867
:10339800002BF5DBD6E7D1F8003543F00043C1F840
:1033A8000035CFE7D1F8003543F08043C1F8003548
:1033B800D0F8103413F47F0FD1F80035EDD123F095
:1033C8000043C1F80035D1F8003543F00043C1F897
:1033D8000035019B01330193019BB3F57A7FB1D886
:1033E8001368002BF5DBADE700EB4111064AC1F885
:1033F8001025D1F8003523F0804343F00043C1F88D
:1034080000350020704700BF0000088037B5002352
:103418000193836823F00103836010210246FFF7BC
:1034280079F801461046FFF798F80843C0B200380B
:1034380002F5A06318BF012002F5E0651C4621686B
:1034480021F0802141F0804144F8201BAC42F6D1A4
:10345800196821F4004141F0404119600199013196
:1034680001910199B1F57A7F02D819680029F5DB35
:103478002033AB42ECD14FF0FF33C2F81434536120
:10348800936843F00103936003B030BDD0F8083867
:1034980000F50060DB0742BF436843F00103436067
:1034A80000207047D0F8043823F00103C0F804382E
:1034B80000207047002070472DE9F341044640B3CF
:1034C8000368DD0710D4236898075ED423681A07B9
:1034D80000F1A08023685B0700F1C080A069002884
:1034E80040F0288100202BE08F4B9A6802F00C02F4
:1034F800042A07D09A6802F00C02082A0BD15A68ED
:10350800510208D5884B1B689A03DCD56368002BE9
:10351800D9D1012014E06268B2F5803F13D11A684E
:1035280042F480321A6001F0AFF97F4E05463368E5
:103538009B03C8D401F0A8F9401B6428F7D90320DD
:1035480002B0BDE8F081784DB2F5A02F2B6807D105
:1035580043F480232B602B6843F480332B60E2E72D
:1035680023F480332B602B6823F480232B60002AFC
:10357800D9D101F089F906462B689F03A3D501F03C
:1035880083F9801B6428F7D9D9E7674B9A6812F04A
:103598000C0F07D09A6802F00C02082A11D15B6858
:1035A8005E020ED4604A13689D0702D5E368012BBA
:1035B800AFD11368216923F0F80343EAC10313600C
:1035C80084E7E268594BB2B101221A6001F05CF954
:1035D800554D06462B68980707D52B68226923F0B6
:1035E800F80343EAC2032B6070E701F04DF9801B32
:1035F8000228EFD9A3E71A6001F046F94A4E0546BA
:10360800336899077FF562AF01F03EF9401B022845
:10361800F6D994E76269454B82B10122C3F8802E3E
:1036280001F032F9404E0546736F9F073FF552AFE0
:1036380001F02AF9401B0228F6D980E7C3F8802E4A
:1036480001F022F9384E0546736F98077FF542AFAF
:1036580001F01AF9401B0228F6D970E7324B1A6CB0
:1036680012F0805228D101921A6C42F080521A64EA
:103678001B6C03F080530193019B01272C4D2B6891
:10368800D9051BD5A368284D012B27D12B6F43F0F3
:1036980001032B6701F0F8F8234E054641F28838FC
:1036A800336F9B0739D5002F3FF418AF1E4A136CB0
:1036B80023F08053136411E70027DFE72B6843F4F6
:1036C80080732B6001F0E0F806462B68DA05D9D440
:1036D80001F0DAF8801B0228F7D930E7052B04D16E
:1036E8002B6F43F004032B67D0E72A6F22F0010207
:1036F8002A672A6F22F004022A67002BCAD101F038
:10370800C3F841F2883806462B6F9807CBD501F0ED
:10371800BBF8801B4045F7D911E701F0B5F8401B0D
:103728004045BDD90BE700BF0038024000004742C2
:1037380000700040364DAB6803F00C03082B3DD0F9
:10374800344B002202281A662BD101F09DF8064658
:103758002B6899011FD4D4E907321343626A43EAFC
:103768008213E26A43EA0263A26A5208013A43EA10
:1037780002436B60274B264D01221A6601F084F83C
:1037880004462B689A013FF5ADAE01F07DF8001BA9
:103798000228F6D9D3E601F077F8801B0228D7D99A
:1037A800CDE601F071F804462B689B017FF59AAECF
:1037B80001F06AF8001B0228F6D9C0E601283FF498
:1037C800BFAE6B68E26903F4800191427FF4A1AE59
:1037D800216A03F03F028A427FF49BAE616A47F692
:1037E800C0721A40B2EB811F7FF493AEA26A5208EE
:1037F80003F44031013AB1EB024F7FF48AAEE26A3A
:1038080003F07063B3EB026F3FF46CAE81E600BF68
:10381800003802400000474270B5224C88B00E467E
:103828001546F8B90190236B43F001032363236B1A
:10383800079003F001030193019B4FF4807C02235E
:10384800CDE903C30323CDE9050303A9164800F016
:10385800A1F9A36823F0EC6343EA06012943A160B8
:1038680008B070BD00230293226B104842F0040296
:103878002263226B079302F004020292029A4FF429
:1038880000710222CDE90312032203A9CDE9053212
:1038980000F080F9A36823F0784343EA060141EA7F
:1038A800C501DCE700380240000002400008024081
:1038B800014B0122DA64704700004742014B0022A5
:1038C800DA64704700004742134908B58B6803F073
:1038D8000C03042B1CD0082B1CD14A684B68496880
:1038E80013F4800314BF0D480D48C1F3881118BFA5
:1038F800002302F03F02A1FB00010BF0D7FC064BAE
:103908005B68C3F3014301335B00B0FBF3F008BD10
:103918000248FCE70248FAE70038024000127A0041
:103928000024F4002DE9F0410D46044610B90120A9
:10393800BDE8F081444B1A6802F007028A4228D396
:10394800226897072DD4D00741D43F4B1A6802F05C
:103958000702AA4266D8226851076CD4130707D514
:103968003A4A2169936823F4604343EAC1039360A8
:10397800FFF7AAFF354B364A9B68C3F30313D35CA2
:10398800D840344B1860344B186800F035FF0020DD
:10399800CEE7CAB21A701B6803F007038B42C6D180
:1039A800CEE72A4B12F0040F1EBF996841F4E0518C
:1039B8009960160742BF996841F4604199602349AC
:1039C800A0688B6823F0F00303438B60BBE7626851
:1039D8001E4B012A1CD11B6813F4003FA7D01B4EB5
:1039E800B36823F003031343B36000F04DFF41F2C3
:1039F80088380746B368626803F00C03B3EB820F9C
:103A0800A3D000F041FFC01B4045F3D903208FE746
:103A1800911E01291B6802D813F0007FDEE713F01E
:103A2800020FDBE7EAB21A701B6803F00703AB4228
:103A38007FF47DAF8FE70549E0688B6823F4E05396
:103A480003438B608AE700BF003C02400038024015
:103A58000C010108C0000020C8000020014B1868B4
:103A6800704700BFC0000020044B054A9B68C3F3A1
:103A78008223D35C034A1068D8407047003802405C
:103A88001C010108C0000020044B054A9B68C3F3D1
:103A98004233D35C034A1068D8407047003802406C
:103AA8001C010108C00000200F230360224B1A6884
:103AB800510333D54FF4A02242601A6802F0010284
:103AC800C2601A68C2F3C40202611A6F52072CD589
:103AD80005238360184B5A6F02F0010242611A688D
:103AE80012F0807F14BF0222012282615A6802F418
:103AF8008002C2615A6802F03F0202625A68C2F349
:103B0800881242625A6802F4403202F58032D20BBF
:103B180082625B68C3F30363C36270471A6812F476
:103B2800803218BF4FF48032C6E71B6F13F00103D1
:103B380018BF0123CDE700BF003802400F23036000
:103B48000B4B9A6802F0030242609A6802F0F00296
:103B580082609A6802F4E052C2609B68DB0803F452
:103B6800E0530361034B1B6803F007030B607047C6
:103B780000380240003C0240704710B5044CE3682E
:103B88001B0603D5FFF7F8FF8023A37310BD00BF02
:103B9800003802402DE9F74FDFF884915E4A002390
:103BA8000D6801249C4004EA050CAC4340F0A58054
:103BB8004D6805F003044FEA43080326671E06FA1A
:103BC80008F6012F6FEA060634D8876807EA060E5A
:103BD800CF6807FA08F747EA0E078760476827EAB9
:103BE8000C0EC5F300179F4047EA0E074760C768E9
:103BF80007EA060E8F6807FA08F747EA0E07022C4D
:103C0800C76019D14FEAD30A00EB8A0A03F0070B01
:103C1800DAF820704FEA8B0B4FF00F0E0EFA0BFEFE
:103C280027EA0E0E0F6907FA0BF747EA0E07CAF8DC
:103C3800207001E0032CDAD1076804FA08F43E404A
:103C4800264315F4403F066057D04FF0000ACDF8E0
:103C580004A0D9F84460314C46F48046C9F8446061
:103C6800D9F8446006F480460196019E23F00306C5
:103C780006F1804606F59C3603F0030ED6F8088058
:103C88004FEA8E0E0F2707FA0EF7A04228EA070719
:103C98003AD004F58064A04238D004F58064A0428C
:103CA80036D004F58064A04234D004F58064A04284
:103CB8000CBF0424072404FA0EF43C43B46094684F
:103CC8006FEA0C06EF0254BF34404CEA04049460D7
:103CD800D468AF0254BF34404CEA0404D46054683A
:103CE800AF0354BF34404CEA040454601468ED0335
:103CF80054BF34404CEA040414600133102B7FF4A1
:103D08004FAF03B0BDE8F08F5446D4E70124D2E7A3
:103D18000224D0E70324CEE7003C01400000024023
:103D2800003802403B4A2DE9F04F00234FF0010ACA
:103D38004FF00F084FF0030B0AFA03FC3CEA0104AA
:103D48000CEA010658D123F0030404F1804404F579
:103D58009C3403F00307A568BF0008FA07F909EACD
:103D6800050E2D4DA8424CD005F58065A8424AD0D5
:103D780005F58065A84248D005F58065A84246D07B
:103D880005F58065A8420CBF04250725BD4075458B
:103D980013D1156825EA06051560556825EA060554
:103DA8005560D56825EA0605D560956825EA0605B3
:103DB8009560A56825EA0905A56005685C000BFA09
:103DC80004F4DE0825EA040500EB8606056003F026
:103DD8000705376AAD0008FA05F527EA05053562D3
:103DE800C56825EA0405C560456825EA0C054560EF
:103DF800856825EA040484600133102B9CD1BDE852
:103E0800F08F0025C2E70125C0E70225BEE703259C
:103E1800BCE700BF003C01400000024003691942B2
:103E280014BF0120002070470AB18161704709045E
:103E3800FBE7436901EA030221EA030141EA02417F
:103E48008161704782B04FF480330193019B0B432B
:103E58000193019BC361C161019BC361C369019364
:103E6800C06980F48030C0F3004002B070477047EA
:103E7800044A5169014208B502D05061FFF7F7FFC3
:103E880008BD00BF003C0140036810B5084C02465D
:103E9800D9B210391820B1FBF0F0205CD06523F4BA
:103EA8007F7020F003005F2988BF0430906510BD43
:103EB8002401010870B5044600F0E6FC0546002C14
:103EC80073D0022384F835302268002384F8343014
:103ED800136823F00103136021680B68D8072FD4F7
:103EE8000B68334DA0691D40D4E901231343E268F0
:103EF80013432269134362691343E269034313437B
:103F0800226A1343626A042A43EA050302BFD4E91A
:103F18000B5635432B430B604B69042A23F00703E8
:103F280043EA020333D1A26AE56A13437DB390B929
:103F3800012A21D032F0020229D1EA0127D51EE058
:103F480000F0A2FC401B0528C6D920236365032086
:103F580084F8350070BDB0F5005F14D1032A16D877
:103F680001A050F822F000BF873F0008433F000837
:103F7800873F0008813F0008B5F1C07F07D1402383
:103F880063650120E4E7022AF9D9032AD5D04B61F9
:103F98002046FFF779FFE26D3F23934083600020BE
:103FA8000123606584F83530D4E70120D2E700BFEB
:103FB8003F8010F038B5054620B390F83530022B15
:103FC800DCB21DD003681A6822F0010200241A60CE
:103FD80021221C605C609C60DC601C615A61FFF7F8
:103FE80053FFEA6D3F239340C5E90F44C5E91144E7
:103FF800C5E9134483606C6585F8344085F835401D
:10400800204638BD0124FBE730B590F83440012C38
:1040180022D0012480F8344090F83540012C4FF02C
:1040280000054FF0020415D180F835400468456555
:10403800256825F48025256063608368402B0BBFC5
:10404800A260A160E160E260236843F0010323609D
:10405800002030BD80F834500220FAE770B590F89F
:104068003440866D012C31D0012480F8344090F81A
:104078003540012C4FF000054FF0020424D180F8A0
:10408800354004684565256825F48025256063600A
:104098008368402B0EBFA260A160E260C26D08BFBA
:1040A800E1603F239340B360236843F01603236025
:1040B800036C1BB1236843F008032360236843F0B3
:1040C80001032360002070BD80F834500220FAE715
:1040D80070B50446866D00F0D7FB94F83530022B96
:1040E800054606D080236365002384F83430012018
:1040F80070BD23681A6822F016021A605A6922F005
:1041080080025A61226C0AB9A26C1AB11A6822F0AC
:1041180008021A601A6822F001021A6023681B68F4
:1041280013F001030AD1E16D3F228A40B2600122F7
:1041380084F8352084F834301846D9E700F0A4FB19
:10414800401B0528EAD9202363650320002384F84F
:10415800350084F83430CBE790F83530022B03D0A3
:1041680080234365012070470268052380F83530B5
:10417800136823F001031360002070472DE9F84FFE
:1041880004460D46904600F07FFB94F83530022B2C
:10419800814608D080236365002384F834300125E4
:1041A8002846BDE8F88F23681B68D90503D54FF466
:1041B80080736365F3E7E76D0DBB2023A66D316857
:1041C80003FA07F74FF0080A4FF0010B0F4202D12C
:1041D800636DDA0715D5636D002B46D0636DDB0779
:1041E80043D52046FFF774FFE26D30239340B36058
:1041F8000125002384F8355084F83430D0E71023A3
:10420800DCE7B8F1FF3F12D0B8F1000F09D1202345
:104218006365012384F83530002384F8343003259E
:10422800BEE700F031FBA0EB09004045EFD8E36D95
:1042380031680AFA03F20A421FBF606D40F00100BC
:104248006065B2600BFA03F20A421FBF606D40F06E
:1042580002006065B260042202FA03F30B421FBF3A
:10426800606D10436065B360B0E7E26D45B9302317
:104278009340B360012384F8353084F834508FE7D5
:1042880010239340B36000258AE7F7B50023019314
:104298005B4B856D1F68C36D2E6808229A403242B9
:1042A80004460CD001680868400708D5086820F063
:1042B80004000860AA60626D42F001026265012292
:1042C8009A40324208D021684969090641BFAA606C
:1042D800626D42F00202626504229A40324208D0BE
:1042E80021680968880741BFAA60626D42F004022C
:1042F800626510229A40324210D023681968090773
:104308000CD5AA601A68500337D51B68190301D465
:10431800236C00E0A36C0BB120469847E16D202286
:104328008A4032423AD023681868C60636D5AA6051
:1043380094F83520052A1A6827D122F016021A6047
:104348005A6922F080025A61226C0AB9A26C1AB129
:104358001A6822F008021A603F238B40AB600123E1
:1043680084F83530002384F83430236D002B45D091
:10437800204603B0BDE8F04018471A68D2055EBF72
:104388001A6822F008021A60C2E7500327D51B6892
:10439800190331D4636C0BB120469847636D6BB336
:1043A800636DDA0719D522684FF41653B7FBF3F794
:1043B800052384F83530136823F001031360019B4B
:1043C8000133BB42019302D81368DB07F7D40123FA
:1043D80084F83530002384F83430E36CC6E71A6873
:1043E80012F4807208D1196821F0100119600123B4
:1043F80084F8353084F83420E36BCCE703B0F0BDA3
:10440800C000002010B590F83430012B1FD090F870
:104418003540012CE3B218D1052906D8DFE801F0B0
:10442800030A0D0F1113C2630B46002280F83420D3
:10443800184610BD02640023F7E74264FBE7826474
:10444800F9E7C264F7E70265F5E70123EDE7022320
:10445800EEE710B590F83430012B29D090F83540AC
:1044680001239C4280F83430E2B21FD10023062990
:1044780007D8DFE801F0040B0E1012191400C3630B
:104488000A46002380F83430104610BD0364002229
:10449800F7E74364FBE78364F9E7C364F7E7C0E938
:1044A8000F33C0E91133C3640365F0E71A46E8E740
:1044B8000222E9E790F835007047406D704700BF69
:1044C8000749CA6822F4E0620302120403F4E063B5
:1044D800120C134343F0BF6343F40033CB607047BF
:1044E80000ED00E0164B30B5DC68C4F30224C4F1DB
:1044F8000705231D042D28BF0425062B4FF0FF3385
:104508008CBF033C002403FA05F521EA0501A3400A
:1045180022EA0302A140002841EA0203ACBF00F1ED
:104528006040084A4FEA0313B8BF00F00F00DBB23F
:10453800AABF00F56140135480F8003330BD00BFB6
:1045480000ED00E014ED00E0002808DB012342093B
:1045580000F01F0003FA00F0014B43F822007047F7
:1045680000E100E000280DDB4309012200F01F00F4
:1045780002FA00F02033044A42F82300BFF34F8FB9
:10458800BFF36F8F704700BF00E100E0BFF34F8FAC
:104598000549064BCA6802F4E0621343CB60BFF3D7
:1045A8004F8F00BFFDE700BF00ED00E00400FA05F3
:1045B8000138B0F1807F0BD24FF0E023054A5861F3
:1045C800F02182F823100020072298611A617047B1
:1045D8000120704700ED00E0BFF35F8F044B5A6A7B
:1045E80022F480325A620022C3F89420704700BF38
:1045F80000ED00E0064B40F00100C3F894005A6A51
:1046080042F480325A62BFF34F8FBFF36F8F704707
:1046180000ED00E0044BC3F89800D3F8A02042F066
:104628000102C3F8A020704700ED00E0044BC3F876
:104638009800D3F8A02022F00102C3F8A020704708
:1046480000ED00E0144A4378C2F89830D2F8A03060
:1046580023F00103C2F8A0304368C2F89C30C37A43
:10466800017B1B0643EA017301780B43817A43EA15
:10467800C143417B43EA8143817B43EA4143C17B98
:1046880043EA0143417A43EA0123017A43EA4103B9
:10469800C2F8A030704700BF00ED00E040BF20BF67
:1046A8007047024BD868C0F30220704700ED00E065
:1046B80070B50028AEBF00F16040134C00F00F0049
:1046C80001F00701AABF00F56140205C90F80003E3
:1046D800C1F107040D1D042C28BF0424062D4FEA40
:1046E80010108CBF033900214FF0FF3520FA01F676
:1046F80005FA04F405FA01F126EA040420EA0100A7
:104708001460186070BD00BF14ED00E0002809DBDC
:104718004309012200F01F0002FA00F04033024A68
:1047280042F82300704700BF00E100E00028A1BF65
:1047380043094033054A52F82330A3BF00F01F0055
:1047480023FA00F000F001000020704700E100E0CB
:10475800002809DB4309012200F01F0002FA00F0DB
:104768006033024A42F82300704700BF00E100E0CE
:104778000028A1BF43098033054A52F82330A3BF5C
:1047880000F01F0023FA00F000F00100002070473D
:1047980000E100E04FF0E02304281A690CBF42F062
:1047A800040222F004021A617047704708B5FFF747
:1047B800FCFF08BD704770470B4B0C4A10B51A62D6
:1047C80000240B4A1C625A620A4A5C621A618022FF
:1047D8001C615A614FF0FF325C619A619C61FFF77E
:1047E800EAFF204610BD00BF003802400FC8E210A3
:1047F800317917009F10600070B50E4A0E4E0546BD
:104808004FF47A733078B3FBF0F31068B0FBF3F031
:10481800FFF7CEFE044650B90F2D08D802462946A8
:104828004FF0FF30FFF75EFE7560204670BD012037
:10483800FCE700BFC0000020C400002008B50B4BF7
:104848001A6842F400721A601A6842F480621A60A8
:104858001A6842F480721A600320FFF731FE0020C4
:10486800FFF7CAFFFCF704FE002008BD003C024029
:10487800034A044B11681B780B441360704700BF50
:104888003C820020C4000020014B1868704700BF1C
:104898003C820020014B5868704700BFC4000020CC
:1048A80038B5064C2578854206D020706068FFF739
:1048B800A3FF00B1257038BD0020FCE7C40000202C
:1048C800014B1878704700BFC400002038B5044673
:1048D800FFF7DAFF631C1CBF054B1B78054618BFA2
:1048E800E418FFF7D1FF431BA342FAD338BD00BF3A
:1048F800C40000204FF0E022136923F00203136183
:1049080070474FF0E022136943F0020313617047C8
:104918000048704700050801014B1868000C7047F3
:10492800002004E0024B1868C0F30B00704700BF7A
:10493800002004E0024A536843F0010353607047C3
:10494800002004E0024A536823F0010353607047D3
:10495800002004E0024A536843F0020353607047A2
:10496800002004E0024A536823F0020353607047B2
:10497800002004E0024A536843F004035360704780
:10498800002004E0024A536823F004035360704790
:10499800002004E0024B0122C3F80024704700BF46
:1049A80000002742024B0022C3F80024704700BFD2
:1049B80000002742014BD3F8100A70470070FF1F10
:1049C800014BD3F8140A70470070FF1F014BD3F84E
:1049D800180A70470070FF1F01684B6913F4806361
:1049E8004FF0000210D06FF480634B612023026304
:1049F80080F83D3080F83E20036C80F83C2043F07E
:104A08000403036401207047184670472DE9F846EF
:104A180006460F4691461D464FEA114A3368BAF1D9
:104A2800010F0CBF5C699C6927EA0404A4B2B4FABC
:104A380084F46409A14501D0002025E06A1CEED069
:104A4800FFF722FF089BC01AA84201D8002DE5D124
:104A58003368BAF1010F0CBF5B699B6927EA03034E
:104A68009BB2B3FA83F35B099945D7D1002320227F
:104A7800336386F83D2086F83E30326C86F83C3049
:104A880042F0200232640120BDE8F8862DE9F041A9
:104A980004460F46164698462568686927EA0000C6
:104AA80080B2B8B16B695A0516D52B6843F4007308
:104AB8002B606FF480636B6120220023236384F8EA
:104AC8003D2084F83E30226C42F00402226484F8CF
:104AD8003C300120BDE8F081731CDED0FFF7D4FE26
:104AE800A0EB0800B04201D8002ED5D123685A693E
:104AF80027EA020292B2002ACED0002320222363A2
:104B080084F83D2084F83E30226C42F02002DDE734
:104B180070B504460D46164623685B691B0601D529
:104B2800002070BD2046FFF757FFC8B96A1CF3D0B4
:104B3800FFF7AAFE801BA84201D8002DECD12368FC
:104B48005B6913F08003E7D12022236384F83D20BA
:104B580084F83E30226C84F83C3042F02002226413
:104B68000120DEE72DE9F0431546026885B0DDE94E
:104B78000C789946136843F4807313600E463B46DD
:104B8800CDF8008000224FF001110446FFF73EFFE8
:104B9800236838B11B68DB0502D54FF40073236422
:104BA80003200AE006F0FE061E61194943463A460C
:104BB8002046FFF76BFF18B1012005B0BDE8F08370
:104BC800236803905A6903929B69039342463946C6
:104BD8002046039BFFF79CFF40B1236C042B01BFC9
:104BE8002268136843F400731360E5E7B9F1010F15
:104BF800236802D1EDB21D61DFE72A0A1A6139463E
:104C080042462046FFF784FF0028E6D12368F1E7F3
:104C1800020001002DE9FF479A46036815461A6805
:104C280042F480621A601A68DDE90C7842F48072F6
:104C38001A600E463B46CDF8008000224FF0011165
:104C48000446FFF7E3FE236848B11B68DB0502D57D
:104C58004FF400732364032004B0BDE8F0875FFAC3
:104C680086F906F0FE061E612A4943463A46204662
:104C7800FFF70CFF08B10120EEE7236803905A699B
:104C880003929B690393424639462046039BFFF7EC
:104C98003FFF40B1236C042B01BF2268136843F423
:104CA80000731360E7E7BAF1010F23681AD1EDB278
:104CB8001D61424639462046FFF72AFF0028E9D100
:104CC8002268136843F4807313604FF001110246A1
:104CD800CDF800803B462046FFF798FE226860B179
:104CE8001368B3E72A0A1A61394642462046FFF795
:104CF8000FFF0028CED12368D9E749F001031361DB
:104D0800044943463A462046FFF7C0FE003818BF1C
:104D18000120A1E70200010070B504460D461646C1
:104D280023685B695B0701D5002070BD2046FFF74B
:104D380053FEC8B96A1CF3D0FFF7A6FD801BA84232
:104D480001D8002DECD123685B6913F00403E7D187
:104D58002022236384F83D2084F83E30226C84F8B6
:104D68003C3042F0200222640120DEE770B50446A0
:104D78000D46164621684B6913F0400301D0002008
:104D880010E04A69D2060ED56FF010024A6120225F
:104D9800236384F83D2084F83E30226C226484F832
:104DA8003C30012070BDFFF76FFD801BA84201D881
:104DB800002DDFD123685B6913F04003DAD120228C
:104DC800236384F83D2084F83E30226C42F02002B0
:104DD800E4E7704770B5044608B9012070BD90F843
:104DE8003D3003F0FF021BB980F83C20FCF75EFB66
:104DF800242384F83D3023681A6822F001021A60DF
:104E08001A6842F400421A601A6822F400421A60D2
:104E1800FEF72AFE3F4B65689D4294BF3E4B3F4BD1
:104E280098428CBF00230123002BD6D12268394E2B
:104E380053683B49B0FBF1F123F03F030B43B54204
:104E4800536088BF4FF49676136A88BF714323F086
:104E58003F0384BF4FF47A76B1FBF6F10131194371
:104E68001162D169431E2B4821F44F41854221F03C
:104E7800FF0132D86D0040F6FC70B3FBF5F3013347
:104E8800034242D0C3F30B030B43D361D4E9073089
:104E98001168034321F0C0010B4313609168D4E902
:104EA800030321F40341034321F0FF010B43936003
:104EB800D4E90530D168034321F0FF010B43D360E7
:104EC800136843F00103136000202023206484F852
:104ED8003D30206384F83E0080E7A06850B905EBB8
:104EE8004505B3FBF5F30133C3F30B037BB143F47F
:104EF8000043C9E719204543B3FBF5F30133C3F376
:104F08000B0323B143F44043BEE70423BCE701236A
:104F1800BAE700BFA08601007F841E00FF083D009D
:104F280040420F00704710B5044698B10268242328
:104F380080F83D30136823F001031360FCF7EEFAA4
:104F48000020206484F83C0084F83D00206384F845
:104F58003E0010BD0120FCE72DE9F043044685B072
:104F680098460C9F0D469146FFF78EFC94F83D300D
:104F7800202B064604D00225284605B0BDE8F0835C
:104F880000905D49192301222046FFF73FFD0028C4
:104F9800F1D194F83C30012BEDD02168012384F83D
:104FA8003C300B68DA075EBF0B6843F001030B6007
:104FB8000B6823F400630B60212384F83D30102331
:104FC80084F83E3000232364A4F82A80638D238567
:104FD8004A4BE362E36AC4F82490082B04D0012BFF
:104FE80002D013F5803F04D10B6843F480730B6043
:104FF80002E0236B122BF7D0002200963B464FF0BD
:1050080001112046FFF702FD226838B11368DB055D
:1050180044BF4FF4007323640125ADE72369B3F55A
:10502800804F21D105F0FE051561354933463A46D2
:105038002046FFF72BFD05460028EDD12368039095
:105048005A6903929B690393039B238DF3B92168E3
:105058000A6842F400720A60202284F83D2084F82D
:105068003C3084F83E3087E7EB1103F0060343F049
:10507800F0031361234933463A462046FFF706FDFD
:105088000028C9D12368EDB21D61CEE73246394602
:105098002046FFF73DFD40B1236C042BBCD12268AC
:1050A800136843F400731360B6E7636A20681A460E
:1050B80012F8011B01616262628D013A92B2628547
:1050C800228DD0F814C0511E89B21CF0040F21851E
:1050D8000AD049B15978016102336362638D013B9B
:1050E8009BB2023A63852285324639462046FFF74D
:1050F80013FE0028A9D0CFE7020010000000FFFF30
:1051080002000100080001002DE9F043044689B0BF
:105118009846109F0E469146FFF7B6FB94F83D302F
:10512800202B054604D00226304609B0BDE8F0839E
:1051380000909A49192301222046FFF767FC0028AE
:10514800F1D194F83C30012BEDD02168012384F88B
:105158003C300B68DB075EBF0B6843F001030B6054
:105168000B6823F400630B60222384F83D3010237E
:1051780084F83E3000232364A4F82A80638D2385B5
:10518800874BE362E36A0A68C4F8249042F48062B9
:10519800082B0A6004D0012B02D013F5803F04D1FC
:1051A8000B6843F480730B6002E0236B112BF7D07C
:1051B8003B46009500224FF001112046FFF726FCE0
:1051C800236838B11B68DD0502D54FF400732364EA
:1051D8000126A9E72269B2F5804F27D146F00106DA
:1051E800F6B21E616F492B463A462046FFF74EFC41
:1051F80006460028ECD1238D2168002B4BD1039063
:105208004B6903938B690393039B0B6843F4007307
:105218000B60DFF89881238D002B64D1202284F85D
:105228003D2084F83C3084F83E307DE74FEAE618AC
:1052380008F0060848F0F0021A615B492B463A4626
:105248002046FFF723FC0028C2D123685549F6B24F
:105258001E613A462B462046FFF718FC0028B7D1B6
:10526800236807905A6907929A690792079A1A68F9
:1052780042F480721A604FF00111024600953B46D5
:105288002046FFF7C3FB226808B113689BE748F084
:10529800F1031361A6E7012B0AD10B6823F480639D
:1052A8000B6004904B6904938B690493049BACE7EF
:1052B800022B0B680DD123F480630B600B6843F459
:1052C80000630B6005904B6905938B690593059BFB
:1052D8009FE743F480630B6006904B6906938B69E4
:1052E8000693069B95E7032B62D8012B16D12A4615
:1052F80039462046FFF73AFD00287FF469AF236856
:105308001A69636A1A70636A01336362238D013B09
:105318002385638D013B9BB263857CE7022B009557
:105328003B464FF00002414620461AD1FFF76EFB7C
:1053380000287FF44DAF23681A6842F400721A609F
:105348001A69636A1A70626A531C6362238D013B8F
:105358002385638D013B9BB2638523681B6953706A
:10536800D1E7FFF753FB00287FF432AF23681A68B0
:1053780022F480621A601A69636A1A70636A009577
:1053880001336362238D013B2385638D013B9BB20F
:10539800638502463B4641462046C7E702001000A7
:1053A8000000FFFF020001000800010004000100E6
:1053B8002A4639462046FFF7D9FC00287FF408AF73
:1053C80023681A69636A1A70628D616A013A92B237
:1053D8004B1C628522686362238D5069013B9BB236
:1053E800400723857FF517AF032B02BF136823F40B
:1053F8008063136013694B7085E72DE9F043044619
:1054080085B01E4689469046FFF73EFA94F83D302F
:10541800202B074640F09A80B9F1000F03D10120F4
:1054280005B0BDE8F083B8F1000FF8D094F83C302F
:10543800012B00F08B8025684549012384F83C3016
:105448002B68DB075EBF2B6843F001032B602B68DA
:1054580023F400632B60212384F83D3000222023AD
:1054680084F83E302264A4F82A80638D2385394B62
:10547800E3622B68C4F8249043F480632B600090A7
:1054880033462046FFF7C2FA0028C8D123680290A5
:105498005A6902929B690293029B2369B3F5404FB4
:1054A8000FD102462A49009733462046FFF7AEFA45
:1054B8000028B4D1236803905A6903929B69039327
:1054C800039B228DC2B9009733464FF482312046A0
:1054D800FFF79CFA0028A2D123686FF480625A6112
:1054E8001A6822F480621A60202384F83D3084F818
:1054F8003C0084F83E0093E73A4631462046FFF7E1
:1055080007FB226820B1136823F48063136086E7E1
:10551800636A194611F8010B10616162618D0139E6
:1055280089B26185218D5569481E80B26D07208535
:10553800C7D50028C5D05878106102336362638DDF
:10554800013B9BB2023963852185BAE7022067E7F0
:10555800020001000000FFFF2DE9F043044685B07A
:105568001F4689461646FFF78FF994F83D30202BE1
:10557800804640F0AC80B9F1000F04D101252846DF
:1055880005B0BDE8F083002EF8D094F83C30012B2C
:1055980000F09D8025684F49012384F83C302B6832
:1055A800DB075EBF2B6843F001032B602B6823F4F5
:1055B80000632B60222384F83D300022202384F8E6
:1055C8003E3022646685638D2385434BE3622B68F6
:1055D800C4F8249043F480632B6000903B46204637
:1055E800FFF714FA05460028C8D1236802905A69C3
:1055F80002929B690293029B238DC3B92668736943
:10560800DB0641D50023039372690392326842F0A6
:1056180001023260039A326822F4806232602022EA
:1056280084F83D2084F83C3084F83E30A7E74246B1
:1056380039462046FFF79AFB236820B11A6822F4FE
:1056480080621A609AE71A69636A1A70628D616AE1
:10565800013A92B24B1C628522686362238D5069BD
:10566800013B9BB240072385C6D5002BC4D01369E4
:105678004B70636A01336362238D013B2385638D1D
:10568800013B9BB26385B7E72046FFF7A5F9C0B990
:10569800FFF7FAF8A0EB0800874201D3002FADD13D
:1056A80023685B6913F01003A8D12022236384F8D0
:1056B8003D2084F83E30226C84F83C3042F02002D1
:1056C80022642268136823F48063136056E7022576
:1056D80055E700BF020001000000FFFF37B50024B6
:1056E800019490F83D40202C02D0022003B030BD38
:1056F800234C46F2A8152468B4FBF5F419256C432D
:105708000194019C013C0194019C54B92023046339
:1057180080F83D3080F83E40036C43F0200303647A
:10572800E3E70468A569AD07EBD490F83C50012D78
:10573800DBD02568ED075EBF256845F001052560CB
:10574800256825F400652560212580F83D50102541
:1057580080F83E50002505644385438D0385094B39
:10576800C36280F83C5041646368426243F4E0637A
:105778006360236843F4807323602846B6E700BF5C
:10578800C00000200000FFFF37B50024019490F806
:105798003D40202C02D0022003B030BD254C46F2FB
:1057A800A8152468B4FBF5F419256C430194019CF1
:1057B800013C0194019C54B92023046380F83D30D6
:1057C80080F83E40036C43F020030364E3E7046879
:1057D800A569AD07EBD490F83C50012DDBD02568C6
:1057E800ED075EBF256845F001052560256825F4AD
:1057F80000652560222580F83D50102580F83E5030
:10580800002505644385438D03850B4BC36280F8EF
:105818003C5041646368426243F4E0636360236818
:1058280043F480632360236843F48073236028462D
:10583800B2E700BFC00000200000FFFF10B590F8DD
:105848003D30202B2DD151B34AB390F83C30012B79
:1058580027D004682368DB075EBF236843F0010391
:105868002360236823F400632360212380F83D30FC
:10587800202380F83E30002303644285428D028550
:10588800094AC2622268416242F48062226080F85A
:105898003C30626842F4E0626260184610BD012044
:1058A800FCE70220FAE700BF0000FFFF10B590F800
:1058B8003D30202B2DD151B34AB390F83C30012B09
:1058C80027D004682368DB075EBF236843F0010321
:1058D8002360236823F400632360222380F83D308B
:1058E800202380F83E30002303644285428D0285E0
:1058F800094AC2622268416242F48062226080F8EA
:105908003C30626842F4E0626260184610BD0120D3
:10591800FCE70220FAE700BF0000FFFFF7B50F46DB
:1059280011460022019290F83D20202A044602D018
:10593800022003B0F0BD464A106846F2A812B0FB38
:10594800F2F0192250430190019A013A0192019A0A
:1059580052B92023226384F83D3084F83E20236C1A
:1059680043F020032364E3E72568AA699007EBD492
:1059780094F83C20012ADBD0012284F83C202A68D4
:10598800D2075EBF2A6842F001022A602A6822F420
:1059980000622A60212284F83D200026102284F823
:1059A8003E2026646385608D2A4AE26283B2616282
:1059B80023856764002B3BD0606BC0B1264AC26365
:1059C800264AC264C0E910668664066505F11002BD
:1059D800FEF744FBC0B1202384F83D3084F83E60D4
:1059E800236C84F83C6043F0100323640AE020230E
:1059F80084F83D3084F83E00236C84F83C0043F082
:105A080080032364012094E7236884F83C005A68E3
:105A180042F440725A605A6842F400625A601A6846
:105A280042F480621A601A6842F480721A6080E751
:105A38002A6842F480622A602A6842F480722A60E6
:105A480084F83C306A6842F4E0626A60184670E79D
:105A5800C00000200000FFFF3F710008FB70000835
:105A680073B504460020019094F83D00202802D028
:105A7800022002B070BD464846F2A8150068B0FB87
:105A8800F5F01925684301900198013801900198B3
:105A980050B92023206384F83D3084F83E00236CFD
:105AA80043F020032364E3E72568A8698607EBD45D
:105AB80094F83C000128DBD0012084F83C002868D9
:105AC800C0075EBF286840F001002860286820F4FD
:105AD80000602860222084F83D000026102084F809
:105AE8003E0026646385608D626283B22948E06265
:105AF80023856164002B3BD0A06BC0B12649C163EC
:105B08002649C164C0E910668664066505F110017E
:105B1800FEF7A4FAC0B1202384F83D3084F83E6033
:105B2800236C84F83C6043F0100323640AE02023CC
:105B380084F83D3084F83E00236C84F83C0043F040
:105B480080032364012094E723681A6842F4806282
:105B58001A601A6842F480721A6084F83C005A6825
:105B680042F440725A605A6842F400625A6080E710
:105B780084F83C306A6842F4E0626A602A6842F459
:105B880080622A602A6842F480722A60184670E7A8
:105B9800C00000200000FFFF3F710008FB700008F4
:105BA800F8B590F83D30202B04465CD1002948D048
:105BB800002A46D090F83C30012B54D006680123C7
:105BC80080F83C303368DB075EBF336843F001037D
:105BD8003360336823F400633360202721230025D2
:105BE80080F83D3080F83E7005644285438D1F4A39
:105BF80041629BB20385C262406BB8B11C4AC26362
:105C08001C4AC264C0E910558564056506F1100296
:105C1800FEF724FAB8B184F83D7084F83E50236C3E
:105C280084F83C5043F0100323640AE0282384F8E6
:105C38003D3084F83E00236C84F83C0043F0800338
:105C4800236401200EE023681A6842F480621A6017
:105C580084F83C005A6842F440725A605A6842F428
:105C680000625A60F8BD0220FCE700BF0000FFFF99
:105C78003F710008FB700008F8B590F83D30202B04
:105C880004465DD1002949D0002A47D090F83C301D
:105C9800012B55D00668012380F83C303368DB07B8
:105CA8005EBF336843F001033360336823F4006355
:105CB800336020272223002580F83D3080F83E708D
:105CC80005644285438D1F4A41629BB20385C262C7
:105CD800806BC0B11C4AC2631C4AC264C0E910553B
:105CE8000A468564056506F11001FEF7B7F9B8B1F3
:105CF80084F83D7084F83E50236C84F83C5043F09F
:105D0800100323640AE0282384F83D3084F83E0019
:105D1800236C84F83C0043F08003236401200EE0E8
:105D280023681A6842F480621A6084F83C005A6852
:105D380042F440725A605A6842F400625A60F8BDF0
:105D48000220FCE70000FFFF3F710008FB7000081D
:105D58002DE9F743044699460C9E0F469046FEF7F8
:105D680093FD94F83D30202B054603D0022003B064
:105D7800BDE8F08300903C49192301222046FEF734
:105D880045FE0028F2D194F83C30012BEED0206873
:105D9800012384F83C300368D9075EBF036843F0E9
:105DA80001030360036823F400630360212384F87C
:105DB8003D30402384F83E30002323640A9B63620D
:105DC800BDF82C306385638D2385284BE362CDE9CC
:105DD80000654B46424639462046FEF7C3FE00287A
:105DE8002AD00120C3E7FEF793FE40B1236C042BB1
:105DF80001BF2268136843F400731360F1E7636A14
:105E080027681A4612F8011B39616262628D218D7A
:105E1800013A92B262857A69481E80B2520720859B
:105E28000AD548B15A783A6102336362638D013BFF
:105E380002399BB221856385238D2A463146204647
:105E4800002BD0D1FEF768FF0028CFD12268136855
:105E580043F400731360202384F83D3084F83C0039
:105E680084F83E0083E700BF020010000000FFFF37
:105E78002DE9F043044687B09946109F0D46904699
:105E8800FEF702FD94F83D30202B064604D002258B
:105E9800284607B0BDE8F08300907A49192301220B
:105EA8002046FEF7B3FD0028F1D194F83C30012BD1
:105EB800EDD02068012384F83C300368DB075EBF1F
:105EC800036843F001030360036823F4006303607D
:105ED800222384F83D30402384F83E300023236495
:105EE8000E9B6362BDF83C306385638D2385664BEA
:105EF800E3622946CDE900764B4642462046FEF746
:105F080089FE054608B10125C2E7228D2368B2B98A
:105F180002905A6902929A690292029A1A6842F4A5
:105F280000721A60DFF86481238D002B2CD12022A7
:105F380084F83D2084F83C3084F83E30A8E7012AF4
:105F48000AD11A6822F480621A6003905A6903928F
:105F58009A690392039AE1E7022A0ED11A6822F499
:105F680080621A601A6842F400621A6004905A69E2
:105F780004929B690493049BD4E705905A6905929F
:105F88009B690593059BCDE7032B56D8012B15D1AB
:105F9800324639462046FEF7E9FE0028B3D1236889
:105FA8001A69636A1A70636A01336362238D013B5D
:105FB8002385638D013B9BB26385B5E7022B009671
:105FC8003B464FF000024146204619D1FEF71EFD20
:105FD800002898D123681A6842F400721A601A6976
:105FE800636A1A70626A531C6362238D013B2385BE
:105FF800638D013B9BB2638523681B695370D2E7AD
:10600800FEF704FD00287FF47EAF23681A6822F4A7
:1060180080621A601A69636A1A70636A00960133AB
:106028006362238D013B2385638D013B9BB26385AE
:1060380002463B4641462046C8E732463946204696
:10604800FEF794FE00287FF45EAF23681A69636A3E
:106058001A70628D616A013A92B24B1C628522689D
:106068006362238D5069013B9BB2400723857FF50E
:106078005BAF032B02BF136823F4806313601369BB
:106088004B7090E7020010000000FFFF04000100C1
:1060980073B50024019490F83D40202C02D00220D2
:1060A80002B070BD264C46F2A8152468B4FBF5F47E
:1060B80019256C430194019C013C0194019C54B93D
:1060C8002023046380F83D3080F83E40036C43F0A1
:1060D80020030364E3E70468A569AE07EBD490F8EE
:1060E8003C50012DDBD02568069EED075EBF256874
:1060F80045F001052560256825F400652560212502
:1061080080F83D50402580F83E5046620025BDF895
:106118001C6005644685468D06850A4EC662416444
:106128008264C3640565236843F48073236080F840
:106138003C50636843F4E06363602846B0E700BFFF
:10614800C00000200000FFFFF7B50024019490F87C
:106158003D40202C02D0022003B0F0BD2A4C46F26C
:10616800A8152468B4FBF5F419256C430194019C27
:10617800013C0194019C54B92023046380F83D300C
:1061880080F83E40036C43F020030364E3E70468AF
:10619800A569AE07EBD490F83C50012DDBD02568FB
:1061A8001A4FED075EBF256845F001052560256893
:1061B80025F400652560222580F83D50402580F8AB
:1061C8003E50089D45620026BDF82450066445856A
:1061D800458DC76241648264C36406652368ADB2B5
:1061E80043F4806305852360236843F48073236048
:1061F80080F83C602DB1636843F4E0636360304627
:10620800AAE72846A8E700BFC00000200000FFFF5B
:106218002DE9FF4704469946002302930C9E0F463A
:106228009046FEF731FB94F83D30202B824603D090
:10623800022004B0BDE8F087554B46F2A8121B684F
:10624800B3FBF2F3192253430293029B013B0293DF
:10625800029B4BB92022236384F83D2084F83E300A
:10626800236C13432364E3E7226893699907ECD40A
:1062780094F83C30012BDBD0012384F83C301368C0
:106288004449DB075EBF136843F0010313601368DA
:1062980023F400631360212384F83D30402384F8FD
:1062A8003E300025BDF8343025646385638D666211
:1062B8009BB2E16223856764C4F84880C4F84C90B7
:1062C8002565002B57D0606B50B33349C163334900
:1062D800C164C0E910553146856405651032FDF783
:1062E800BDFE064600283AD123230093CDF804A02A
:1062F8004B46424639462046FEF734FCE8B1606B0F
:10630800FDF72AFF636BDE6323681A6822F4806254
:106318001A6066851A68268522F001021A600AE06A
:10632800202384F83D3084F83E00236C84F83C0038
:1063380043F08003236401207BE7236803905A69B4
:1063480003929A69039284F83C00039A5A6842F4CB
:1063580080725A605A6842F400625A6069E72023E2
:1063680084F83D3084F83E50236C84F83C5043F068
:1063780010032364DFE7202284F83D2084F83E30B0
:10638800226C84F83C3042F040022264D3E700BF1C
:10639800C00000200000FFFF3F710008FB700008EC
:1063A8002DE9F04786B0044699460E9E0F46904662
:1063B800FEF76AFA0023039394F83D30202B8246B7
:1063C80003D0022006B0BDE8F087644B46F2A8125D
:1063D8001B68B3FBF2F3192253430393039B013B5E
:1063E8000393039B4BB92022236384F83D2084F850
:1063F8003E30236C13432364E3E721688B699A07D3
:10640800ECD494F83C30012BDBD0012384F83C30E9
:106418000B68534ADB075EBF0B6843F001030B6050
:106428000B6823F400630B60222384F83D3040237B
:1064380084F83E300025BDF83C3025646385638DC3
:1064480066629BB2E26223856764C4F84880C4F838
:106458004C902565002B64D0A06B50B3414AC263B1
:10646800414AC264C0E91055324685640565103159
:10647800FDF7F4FD0646002847D123230093CDF805
:1064880004A04B46424639462046FEF7C3FBE8B116
:10649800A06BFDF761FEA36BDE6323681A6822F424
:1064A80080621A6066851A68268522F001021A60E1
:1064B8000AE0202384F83D3084F83E00236C84F8F9
:1064C8003C0043F08003236401207BE7228D23688E
:1064D800012A0BBF1A685A6822F4806242F480527B
:1064E8000CBF1A605A600022049259690491996994
:1064F800049184F83C2004995A6842F480725A60E6
:106508005A6842F400625A605CE7202384F83D3000
:1065180084F83E50236C84F83C5043F01003236405
:10652800D2E723230093CDF804A04B4642463946D0
:106538002046FEF76FFB0028C6D1236805905A69EC
:1065480005929A690592059A1A6842F400721A60CF
:10655800202384F83D3084F83C0033E7C000002055
:106568000000FFFF3F710008FB7000082DE9F04FA5
:10657800044685B01F4688469246FEF785F994F88A
:106588003D30202B054603D0022005B0BDE8F08F32
:1065980000904C49192301222046FEF737FA0028BB
:1065A800F2D194F83C30012BEED0012384F83C3032
:1065B8002368DFF810B11A68D2075EBF1A6842F084
:1065C80001021A601A6822F400621A60242384F80F
:1065D8003D3000263C4B266408F0FE08E362226842
:1065E800136843F4807313604FF001113B46009524
:1065F80000222046FEF70AFA236838B11B68DB053B
:1066080002D54FF4007323640320BEE7C3F810805B
:10661800FEF73AF923685A695B690546C2F34002F6
:10662800C3F380234FF0A00994F83D10A02901D0AE
:1066380013431DD023684FF0200984F83D905A6910
:1066480012F0020F1A6842F400721A6025D0002274
:1066580003925A6903929B690393039B1949009516
:10666800192301222046FEF7D1F988B101208CE7D1
:10667800FEF70AF9401BB84200D80FB984F83D90DC
:1066880023685A695B69C2F34002C3F38023CBE7EE
:1066980084F83D9084F83C0077E76FF480625A6193
:1066A80059460095192301222046FEF7AFF9002824
:1066B800DCD10136564592D384F83D9084F83C00ED
:1066C800D4E700BF020010000000FFFFF7B5002468
:1066D8000094019490F83D40089D202C02D002209F
:1066E80003B0F0BD04682668B60503D4082D01D0B0
:1066F800012D1BD1284E46F2A8173668B6FBF7F6CF
:1067080019277E430196019E013E0196019E56B9C6
:106718002023066380F83D3080F83E60036C43F028
:1067280020030364DBE7A669B707ECD490F83C6064
:10673800012ED4D02668F6075EBF266846F001060B
:106748002660266826F400662660212680F83D60CB
:10675800102680F83E60002606644385438DC56296
:1067680041640385036B0093009B4262112B05D1A2
:10677800B5F52A0F02D0B5F12A4F03D1236843F4A7
:1067880080732360002380F83C30626842F4E06242
:1067980062601846A4E700BFC0000020F7B58C4629
:1067A800114600220092019290F83D20089E202A6E
:1067B800044602D0022003B0F0BD05682A6892059D
:1067C80044D4082E42D0012E40D094F83C20012A0F
:1067D800F0D0012284F83C202A68D0075EBF2A68DE
:1067E80042F001022A602A6822F400622A6021220B
:1067F80084F83D200027102284F83E202764638512
:10680800638DE662C4F844C0226B61629BB2238543
:106818000092002B6AD0606B002834D0404AC263D3
:10682800404AC2640764076505F11002FDF716FCCB
:10683800002835D0202384F83D3084F83E70236C3E
:1068480084F83C7043F01003236427E0364A10684C
:1068580046F2A812B0FBF2F0192250430190019AB7
:10686800013A0192019A52B92023226384F83D30FB
:1068780084F83E20236C43F0200323649AE7AA6936
:106888009707ECD4A1E7202384F83D3084F83E0034
:10689800236C84F83C0043F08003236401208AE7DA
:1068A80023681A6842F480621A60009A112A05D196
:1068B800B6F52A0F02D0B6F12A4F03D11A6842F46E
:1068C80080721A60043E00221C2E84F83C2008D8EE
:1068D800164A22FA06F6F20742BF5A6842F40062E4
:1068E8005A605A6842F440725A6064E72B6843F46D
:1068F80080632B60009B112B05D1B6F52A0F02D0BF
:10690800B6F12A4F03D12B6843F480732B60002023
:1069180084F83C006B6843F4E0636B604BE700BFAE
:106928003F710008FB700008C00000200110001033
:10693800F7B500240094019490F83D40089D202C60
:1069480002D0022003B0F0BD04682668B60503D45F
:10695800082D01D0012D1BD1374E46F2A8173668F5
:10696800B6FBF7F619277E430196019E013E019674
:10697800019E56B92023066380F83D3080F83E60BA
:10698800036C43F020030364DBE7A669B707ECD484
:1069980090F83C60012ED4D0012680F83C6026682F
:1069A800F6075EBF266846F001062660266826F4CC
:1069B80000662660222680F83D60102680F83E603A
:1069C800002606644385438DC56241640385036BD5
:1069D8000093438D42629BB2022B25D1202D01D01A
:1069E800102D21D1009B122B23681ED123F4806324
:1069F8002360236843F4006323604FF44071009BD5
:106A0800122B05D1B5F52A0F02D0B5F12A4F03D1C3
:106A1800236843F480732360002380F83C30626865
:106A28000A43626018468DE7236843F48063236055
:106A38004FF4E061E3E700BFC0000020F7B504466B
:106A480000200090019094F83D00089E202802D074
:106A5800022003B0F0BD25682868800545D4082EBB
:106A680043D0012E41D094F83C000128F0D00120F9
:106A780084F83C002868C0075EBF286840F0010021
:106A88002860286820F400602860686820F4805036
:106A98006860222084F83D00102084F83E00002021
:106AA80020646385638DE6626164216B62629BB2D8
:106AB80023850091002B00F09180618D89B2022915
:106AC8004DD1202E01D0102E49D1009912292968C4
:106AD80028D121F480612960296841F40061296086
:106AE800696841F4805169601FE0494846F2A81777
:106AF8000068B0FBF7F01927784301900198013836
:106B08000190019850B92023206384F83D3084F81F
:106B18003E00236C43F02003236499E7A8698707A4
:106B2800ECD4A0E741F480612960A06B18B339491F
:106B3800C16300273849C1640764076505F110017E
:106B4800FDF78CFA20B3202384F83D3084F83E709A
:106B5800236C84F83C7043F01003236416E0296822
:106B6800202E41F480612960BAD0B6F12A4FB7D0FF
:106B7800102EDAD1B4E7202384F83D3084F83E00A3
:106B8800236C84F83C0043F080032364012060E711
:106B9800009B122B236805D1B6F52A0F02D0B6F157
:106BA8002A4F18D11A6842F480721A604FF440755F
:106BB800043E00221C2E84F83C2008D8174921FAEC
:106BC80006F6F20742BF596841F4006159605A68F5
:106BD8002A435A603DE74FF48075E9E72B6843F490
:106BE80080632B60009B122B05D1B6F52A0F02D0CB
:106BF800B6F12A4F03D12B6843F480732B60002031
:106C080084F83C006B6843F4E0636B6021E700BFE5
:106C1800C00000203F710008FB7000080110001040
:106C280037B590F83D4004F02804282C31D10029CC
:106C38002DD0002A2BD090F83C40012C29D0056893
:106C48002C68E4075EBF2C6844F001042C602C68B3
:106C580024F400642C60292480F83D40202480F826
:106C68003E40002404644285428DC36201946B69EE
:106C78000193AB69019380F83C40019B6B684162CA
:106C880043F4E06302856B60204603B030BD012009
:106C9800FBE70220F9E72DE9F347994690F83D30E4
:106CA80003F02803282B04460F46924640F09880AC
:106CB80000297BD0002A79D090F83C30012B00F0D5
:106CC8008F800568012380F83C306B6823F440739B
:106CD8006B6090F83D302A2B47D16B6819050DD5AC
:106CE800806B58B16B6823F400636B603D4B0365A0
:106CF800FDF732FA10B1A06B036D98472568606BF9
:106D08002B68DB075EBF2B6843F001032B602B6801
:106D180023F400632B604FF020082923002684F811
:106D28003D3084F83E802664A4F82AA0638D67620B
:106D38009BB22385C4F82C9000282CD02A4AC26321
:106D48002A4AC2640664066505F110023946FDF751
:106D580085F968B384F83D8084F83E60236C84F834
:106D68003C6043F01003236420E090F83D30292B69
:106D7800C4D16B681A05C1D56B68406B23F40063F6
:106D88006B600028BAD0174B0365FDF7E5F90028BA
:106D9800B4D0606BB0E7282384F83D3084F83E0017
:106DA800236C84F83C0043F080032364012014E042
:106DB80023681A6842F480621A6001905A69019245
:106DC8009A69019284F83C00019A5A6842F4407228
:106DD8005A605A6842F400625A6002B0BDE8F0870F
:106DE8000220FAE7557200083F710008FB7000089E
:106DF80037B590F83D4004F02804282C31D10029FB
:106E08002DD0002A2BD090F83C40012C29D00568C1
:106E18002C68E4075EBF2C6844F001042C602C68E1
:106E280024F400642C602A2480F83D40202480F853
:106E38003E40002404644285428DC36201946B691C
:106E48000193AB69019380F83C40019B6B684162F8
:106E580043F4E06302856B60204603B030BD012037
:106E6800FBE70220F9E72DE9F347994690F83D3012
:106E780003F02803282B04460F46924640F09680DC
:106E8800002979D0002A77D090F83C30012B00F007
:106E98008D800568012380F83C306B6823F44073CB
:106EA8006B6090F83D302A2B45D16B6819050DD5DC
:106EB800806B58B16B6823F400636B603C4B0365CF
:106EC800FDF74AF910B1A06B036D98472168A06BD4
:106ED8000B68DB075EBF0B6843F001030B600B68B0
:106EE80023F400630B604FF020082A23002684F85F
:106EF8003D3084F83E802664A4F82AA0638D67623A
:106F08009BB22385C4F82C9058B32A4AC2632A4AF4
:106F1800C264066406653A461031FDF79FF868B307
:106F280084F83D8084F83E60236C84F83C6043F02C
:106F38001003236420E090F83D30292BC6D16B68FC
:106F48001A05C3D56B68406B23F400636B60002897
:106F5800BCD0174B0365FDF7FFF80028B6D0606B6F
:106F6800B2E7282384F83D3084F83E00236C84F887
:106F78003C0043F080032364012014E023681A686E
:106F880042F480621A6001905A6901929A690192EA
:106F980084F83C00019A5A6842F400625A605A68C0
:106FA80042F440725A6002B0BDE8F0870220FAE766
:106FB800557200083F710008FB70000890F83D30DA
:106FC800202B14D1282380F83D3003681A68D20793
:106FD8005EBF1A6842F001021A601A6842F48062C1
:106FE8001A605A6842F440725A60002070470220C2
:106FF800704790F83D30282B18D190F83D2090F834
:107008003E3002F0030213430363202380F83D302F
:107018000268002380F83E30116821F48061116015
:10702800516821F44071516018467047022070473A
:10703800704770477047704770477047704790F8BF
:107048003D2008B5036DD2B283B9C36C0268012B29
:10705800836C05D1DBB21361036D0233036508BD90
:10706800C3F307231361036D0133F7E7036D012BA6
:1070780003D1836C0268DBB2F4E7036D022B2FD1D6
:10708800222A05D10268136843F480731360EAE783
:10709800438D9BB263B1212A0AD1436A026813F86F
:1070A800011B11614362438D013B9BB24385D6E7C7
:1070B800438D9BB2002BD2D1212AD0D102685168CE
:1070C80021F4E0615160116841F4007111602022DF
:1070D800036380F83D2080F83E30FFF7AFFFBEE73E
:1070E80003685A69120644BF00221A61B7E770475D
:1070F800704710B5846B636B0BB10022DA63A36B26
:107108000BB10022DA63FDF7D8F9022812D0226801
:10711800136823F48063136000232022638584F8B6
:107128003D2084F83E30236C43F01003236420464E
:10713800FFF7DEFF10BD70B5846B236894F83D102F
:1071480094F83E00E26A5D6825F440755D60656B01
:10715800C9B2C0B20DB10026EE63A56B0DB1002611
:10716800EE6301F02105212D05D001F02205222D25
:1071780023D1202821D15A6822F400625A60292993
:107188004FF0000363850DD121232363282384F85E
:107198003D302046FFF74EFF2268536843F44073A2
:1071A800536070BD2A29F7D122232363282384F84A
:1071B8003D302046FFF73FFFEEE794F83E100029E8
:1071C800EFD0618D89B2012902BF196821F480616D
:1071D8001960596812F5803F21F44071596006D052
:1071E800082A04D0B2F12A4F01D0202A03D1196805
:1071F80041F400711960596821F480515960596847
:1072080021F40061596000236385236C1BB120467B
:10721800FFF76EFFC5E7202184F83D1094F83E1073
:1072280084F83E30402904D123632046FFF75FFFEE
:10723800B7E7082A01D0202A05D100232363204676
:10724800FFF7F7FEADE71223F8E7704737B50023DD
:1072580001932D4B806B1B6890F83D2046F2A811D6
:10726800B3FBF1F323214B4301930368D2B2019995
:1072780041BB016C41F020010164446B0CB1002159
:10728800E163816B09B10025CD631D6825F4806534
:107298001D600025458504B1256501B10D65196896
:1072A80021F00101196090F83D10602911D12023C7
:1072B80080F83D30002380F83E300364FFF7C5FFB7
:1072C80003B030BD01990139019119688905CED4FF
:1072D800D3E702F02802282A0ED1196841F00101EB
:1072E8001960196841F4806119600023036380F80C
:1072F8003D20FFF7FDFEE3E7202380F83D30002323
:1073080080F83E30F5E700BFC000002010B590F8C7
:107318003D2090F83E30102BD9B204460368D2B213
:1073280001D0402913D1222A11D1196821F4006112
:107338001960596811F4006106D1602A1EBF202225
:1073480084F83D2084F83E100022226307E002F012
:1073580028012829EDD10022226384F83D105A68BB
:1073680012F400624FD05A68606B22F400625A60CF
:1073780090F83530012B374B2BD00365FCF7ECFE2A
:1073880050B12268606B136823F001031360202357
:1073980084F83D30036D9847236C19071FBF226896
:1073A800536823F4E063536094F83D30226C52072D
:1073B800DBB20DD5282B0BD1274BE362202200230B
:1073C8002363204684F83D2084F83E30FFF735FEDD
:1073D80010BDA06B0365FCF7BFFE0028DCD0236856
:1073E8005A69510605D51A69636A1A70636A0133C6
:1073F80063622268A06B136823F0010313602023E3
:1074080084F83D30C6E794F83D10602915D1202155
:1074180084F83D1022645A69520605D51A69636AD0
:107428001A70636A013363622268136823F00103E8
:1074380013602046FFF709FFAEE75A69500605D5E5
:107448001A69636A1A70636A013363622046FFF738
:107458004FFEA1E7557200080000FFFF10B5036852
:1074680090F83E2099698907D2B21FD5102A01D019
:10747800402A1BD190F83C20012A19D00024602210
:10748800046380F83D201A6822F480621A601A6842
:1074980042F400721A6044855A6822F4E0625A6025
:1074A80080F83C40FFF732FF204610BD0120FCE782
:1074B8000220FAE7F0B5036804465A68C66A90F8ED
:1074C8003E0094F83D1010288FB0C5B2C9B202D062
:1074D800402D40F0CC829F69586910F0010F07D108
:1074E800B6F52A0F02D0B6F12A4F51D10FB0F0BD30
:1074F80096054DD5E26AB2F52A0F0CD10122E26257
:1075080094F83E20402A11D1226D52B9626C02F0E3
:10751800FE021A61EAE7E26AB2F12A4FF0D10822C4
:10752800EDE7626C42F00102D2B2F2E72269B2F5ED
:10753800804F1AD194F83D20212A626C11D102F0B3
:10754800FE021A61626B0AB1D26B2AB9A26B002AD9
:10755800CCD0D26B002AC9D05A6842F400625A6073
:10756800C4E742F00102D2B2EBE7226D32B9626C95
:10757800D21102F0060242F0F002CAE7226D012A97
:10758800B4D1626CD21102F0060242F0F102C0E7F7
:10759800060703D5960501D5626CE4E7860740F136
:1075A800DD80960540F1DA8094F83E10E26A256B9A
:1075B80094F83D002228C9B240F0C880206D40B937
:1075C800402906D101905A6901929B690193019B58
:1075D8008CE7216D89B92069B0F5404F0DD1029132
:1075E8005A6902929A690292029A1A6842F480725F
:1075F8001A60236D0133236578E7618D89B251B92B
:1076080003915A6903929A690392039A1A6842F499
:1076180000721A6019E0618D89B2012949D112F509
:10762800803F1BD11A6822F480621A605A6812F4EB
:1076380000620CD01A6822F480621A600022049258
:107648005A6904929B690493049B0023D3E705922B
:107658005A6905929A690592059AD7E7082A1CD0B3
:10766800202A1AD0122D0DD1012A16D11A6822F417
:1076780080621A60002206925A6906929B690693F4
:10768800069BE2E7102AF1D8934921FA02F2D707BC
:10769800ECD51A6842F48062EBE71A6822F480623B
:1076A8001A60002207925A6907929A690792079A04
:1076B800ACE7618D89B202292AD1102A03D88649FC
:1076C800D140CE0720D4196821F480611960196867
:1076D80041F40061196059680D050DD512F5803F18
:1076E80006D0511E1F2907D87C4ACA40D00703D5A7
:1076F8005A6842F480525A60002208925A690892E5
:107708009B690893089BA0E7196841F48061E1E749
:10771800196841F480611960596809050ED512F598
:10772800803F07D0013A1F2A08D86C4921FA02F293
:10773800D20703D55A6842F480525A60002209924F
:107748005A6909929B690993099B7EE700220A926C
:107758005A690A929B690A930A9BC7E67F0740F118
:107768008C805E6836053FF5C1AE0706C0F380061B
:107778003DD550053BD5002E3CD194F83D20258DB4
:1077880094F83E10E06AD2B2C9B2C5B9212A18D11C
:10779800082857D0202855D010F5803F52D05A6875
:1077A80022F4E0625A6011232363002384F83E30F8
:1077B800202384F83D302046FFF73AFC96E6212A3C
:1077C80005D040297FF492AE222A7FF48FAE628DD5
:1077D80092B21AB95A6822F48062C0E694F83E2040
:1077E800402A15D120460FB0BDE8F04027E4002E0E
:1077F8003FF47CAE97057FF579AE212939D1E16A4E
:1078080094F83D20212A7FF471AE628D92B24AB17C
:10781800626A12F8011B19616262638D013B9BB2B7
:10782800638563E608290DD020290BD011F5803F28
:1078380008D0596821F4E06159601123236384F862
:107848003E20B5E75A6822F4E0625A601A6842F4AA
:1078580000721A6000232022236384F83D2094F8E4
:107868003E2084F83E30402A2046A5D1FFF7E6FBAB
:107878003CE6402D7FF43AAEB4E759680E053FF573
:1078880035AE4506C0F3800140F18B80500540F1CC
:107898008880002940F0888094F83D20222A7FF4CF
:1078A80025AEE06A628D92B2032A19D91A69636A11
:1078B8001A70636A01336362638D013B9BB263850F
:1078C800638D9BB2032B7FF411AE2268536823F4B7
:1078D800806353600AE600BF1400010081800080C5
:1078E800E56A022D3FF476AF012A3FF673AF794A75
:1078F8000B91126846F2A811B2FBF1F202EB820278
:107908000B920B9A013A0B920B99D1B9226C42F067
:10791800200222645A6822F4E0625A601A69636A93
:107928001A70636A01336362638D013B9BB263859E
:10793800202384F83D30204684F83E10FFF7D8FB1A
:10794800D4E51A6812F40072DBD1196821F4806159
:107958001960596821F4E06159601969636A1970FE
:10796800636A01336362638D013B9BB263852023A5
:1079780084F83D3094F83E3084F83E20402B04D102
:1079880022632046FFF7B3FBB0E5082801D0202882
:1079980001D1002300E0122323632046FFF749FBAF
:1079A800A4E500293FF4A2AD92057FF59FADE26AF8
:1079B800608D616A80B2042809D15A6822F4806215
:1079C8005A601B690B70636A0133636225E7608D37
:1079D80080B203280CD15868042A20F480605860CB
:1079E800EFD0022AEDD01A6822F480621A60E8E724
:1079F800608D80B20228E4D1012A186801D0102ACB
:107A080027D120F4806018601B690B70616A4B1CD9
:107A18006362638D013B9BB2638523681B694B706E
:107A2800636A216801336362638D013B9BB263859E
:107A38004B6823F440734B60202384F83D3094F85E
:107A48003E30402B4FF0000384F83E300BD12363C7
:107A580097E7042A01D0022A02D140F48060D2E7D5
:107A680040F40070CFE7082A93D0202A90E7206CD2
:107A780010B35869002587072ED596052CD5226C9A
:107A880002B19D6994F83D2002F02802282A16D1F7
:107A98005A6822F480625A602F066FEA95014FF007
:107AA800000354BFA289228B84F83C3001F0010105
:107AB8002046FFF7C1FA19E59D695869DBE70022FE
:107AC8000C9259690C919B690C930C9B84F83C208F
:107AD8000CE500BFC0000020C60640F1B180950546
:107AE80040F1AE8094F83D505A6822F4E0625A6042
:107AF80000220D925A690D921A6842F001021A602A
:107B08000D9A1A6822F480621A605A681005EDB25C
:107B180020D505F0F702222A4AD1A06B02685268E4
:107B280092B26285628D92B21AB1226C42F004025E
:107B380022645A6822F400625A60FCF7BBFC0128F0
:107B480008D0A06B794B0365FCF706FB10B1A06B5E
:107B5800036D9847638D9BB213B323685A69510725
:107B680009D51A69636A1A70636A01336362638D9F
:107B7800013B9BB2638523685A69520609D51A6985
:107B8800636A1A70636A01336362638D013B9BB257
:107B98006385638D9BB21BB1236C43F0040323649C
:107BA800236C13B320460FB0BDE8F040FFF7AEBB1F
:107BB800606B0268526892B26285628D92B21AB1A5
:107BC800226C42F0040222645A6822F400625A606D
:107BD800FCF770FC0128BDD0606B544B0365FCF7C3
:107BE800BBFA0028B6D0606BB2E72A2D06D1236312
:107BF800282384F83D302046FFF71DFA94F83D30DD
:107C0800282B0CD14A4BE362202200232363204611
:107C180084F83D2084F83E30FFF70FFA66E4236BC2
:107C2800222B02D0222D7FF461AC00232022236373
:107C380084F83D2084F83E302046FFF7FCF955E4EF
:107C480001F0F7012129C0F3800535D1070627D5B2
:107C5800560525D53DBB94F83D00628D92B2C0B261
:107C6800002A3FF443AC626A12F8015B1D6162624C
:107C7800628D013A92B26285628D92B2002A7FF4D7
:107C880035AC29287FF432AC5A6822F480625A60F5
:107C980028232163204684F83D30FFF7CBF925E4FB
:107CA800002D3FF423AC95057FF520AC628D92B290
:107CB800002A3FF41BACABE5400627D5510525D576
:107CC8003DBB94F83D20618D89B2D2B200293FF4C2
:107CD8000DAC1969636A1970636A01336362638D55
:107CE800013B9BB26385638D9BB2002B7FF4FEAB97
:107CF8002A2A7FF4FBAB2268536823F4806353601D
:107D080022232363282384F83D3095E7002D3FF490
:107D1800EDAB92057FF5EAAB628D92B2002A3FF493
:107D2800E5AB1A69636A1A704DE600BF5572000820
:107D38000000FFFFF8B503685F695E6890F83E20B1
:107D48000446F805D2B2C7F3002508D5F10548BFA7
:107D58006FF48071C6F3002544BF59610125B80549
:107D680006D5F10542BF6FF4007145F0020559616F
:107D7800780536D5F10534D5608D94F83D10D4F8E2
:107D880030C0202A80B2C9B25FD100285DD101F08D
:107D9800F700212804D0282957D1BCF1210F54D14C
:107DA80094F83D20E16A0829D2B201D020292AD1CD
:107DB800282A28D12D4AE2625A6822F4E0625A60E1
:107DC8006FF480625A611A6822F480621A60002394
:107DD80020222363204684F83D2084F83E30FFF7B4
:107DE8002CF93A053FD5F3053DD523686FF40062B9
:107DF80045F008055A61236C1D4325642046BDE8FB
:107E0800F840FFF783BA212A1BD11849E16222639F
:107E18000021202284F83D2084F83E105A6822F47C
:107E2800E0625A606FF480625A611A6822F48062D4
:107E38001A605A69100648BF19612046FFF7FAF818
:107E4800CFE76FF480625A61CBE76FF48061102A44
:107E5800596145F0040501D0402AC2D11A6842F49C
:107E680000721A60BDE7002DC5D1F8BD0000FFFF04
:107E780090F83D00704790F83E007047006C7047DE
:107E8800036A026A22F00102026270B544688269DC
:107E98000D6822F073022A438D6823F002032B43F6
:107EA8000B4DA8420DD1056A25F004050562CD6881
:107EB80023F008032B43D1E9055624F440743543D5
:107EC8002C43446082614A684263036270BD00BF0C
:107ED80000000140036A026A22F48072026270B5EF
:107EE8004468C2690D6822F073022A438D6823F43E
:107EF800007343EA05230C4DA8420FD1056A25F407
:107F080080650562CD6823F4006343EA0523D1E95F
:107F1800055624F44054354344EA05144460C261CC
:107F28004A68C263036270BD00000140036A026AC6
:107F380022F48052026230B54468C2690D6822F4A6
:107F4800E64242EA05228D6823F4005343EA0533EA
:107F5800064DA84202BF4D6924F4804444EA8514C2
:107F68004460C2614A680264036230BD0000014097
:107F7800036A10B5046A24F001040462084CA042A4
:107F880002BF046A24F004040462846923F00A032B
:107F980024F0F00444EA021219438261016210BD20
:107FA8000000014030B5056A046A24F01004046238
:107FB8000C4CA04202BF046A24F0400404628469A5
:107FC80024F4407444EA02221B0322F470429BB258
:107FD8000901134301F0A00125F0A00211438361B8
:107FE800016230BD00000140036A10B5046A24F044
:107FF80010040462094CA04202BF046A24F0400441
:108008000462846923F0A00324F4704444EA023231
:1080180043EA01118261016210BD00BF0000014006
:1080280070477047022310B580F83D300368196A1D
:1080380041F211121142044608D1196A40F2444231
:10804800114202BF1A6822F001021A602046FFF7A7
:10805800E8FF002084F8460084F83C0084F83E00DD
:1080680084F83F0084F8400084F8410084F8420016
:1080780084F8430084F8440084F8450084F83D00FF
:1080880010BD90F83D30012B24D10223124A80F80C
:108098003D300368934212D0B3F1804F0FD0A2F560
:1080A8007C4293420BD002F58062934207D002F5DE
:1080B8008062934203D002F59A32934204D19A68BF
:1080C80002F00702062A03D01A6842F001021A6079
:1080D8000020704701207047000001400368196ABA
:1080E80041F21112114208D1196A40F24442114278
:1080F80002BF1A6822F001021A60012380F83D309D
:108108000020704790F83D30012B28D1022380F8D9
:108118003D300368DA6842F00102DA60114A93429E
:1081280012D0B3F1804F0FD0A2F57C4293420BD00E
:1081380002F58062934207D002F58062934203D031
:1081480002F59A32934204D19A6802F00702062A8D
:1081580003D01A6842F001021A600020704701201B
:10816800704700BF000001400368DA6822F001028E
:10817800DA60196A41F21112114208D1196A40F203
:108188004442114202BF1A6822F001021A60012318
:1081980080F83D300020704738B5134690F83D20F0
:1081A800022A0446D0B204D094F83D20012A01D016
:1081B800012038BD0029FBD0002BF9D0206A02220B
:1081C80084F83D20184AC263184A0264184AC264F7
:1081D80022682C32FBF742FF0028E9D12368DA68CD
:1081E80042F48072DA60134A934212D0B3F1804F9E
:1081F8000FD0A2F57C4293420BD002F580629342E5
:1082080007D002F58062934203D002F59A32934276
:1082180004D19A6802F00702062ACAD01A6842F006
:1082280001021A60C5E700BFD78D0008EF8D00086E
:10823800A5900008000001400268D36810B523F437
:1082480080730446D360006AFBF786FF2368196AC7
:1082580041F21112114208D1196A40F24442114206
:1082680002BF1A6822F001021A60012384F83D3027
:10827800002010BD70477047022310B580F83D30CC
:108288000368196A41F211121142044608D1196AA9
:1082980040F24442114202BF1A6822F001021A60F9
:1082A8002046FFF7E8FF002084F8460084F83C00E9
:1082B80084F83E0084F83F0084F8400084F84100C8
:1082C80084F8420084F8430084F8440084F84500A8
:1082D80084F83D0010BD70477047022310B580F840
:1082E8003D300368196A41F211121142044608D15F
:1082F800196A40F24442114202BF1A6822F0010290
:108308001A602046FFF7E8FF002084F8460084F84A
:108318003C0084F83E0084F83F0084F8400084F86C
:10832800410084F8420084F8430084F8440084F84B
:10833800450084F83D0010BD70477047022310B512
:1083480080F83D300368196A41F21112114204465F
:1083580008D1196A40F24442114202BF1A6822F059
:1083680001021A602046FFF7E8FF002084F8460063
:1083780084F83C0084F83E0084F83F0084F840000C
:1083880084F8410084F8420084F8430084F84400EB
:1083980084F8450084F83D0010BD704770470223FB
:1083A80010B580F83D300368196A41F21112114284
:1083B800044608D1196A40F24442114202BF1A68C1
:1083C80022F001021A602046FFF7E8FF002084F837
:1083D800460084F83C0084F83E0084F83F0084F8A6
:1083E800420084F8430084F83D0010BD30B590F891
:1083F8003E4090F83F2090F8423090F84310012C0E
:10840800D2B2DBB2C9B228D1012A26D1012B24D19C
:10841800012923D1022380F83E3080F83F3080F8CC
:10842800423080F8433003681A6A22F001021A6267
:108438001A6A42F001021A621A6A22F010021A62DB
:108448001A6A42F010021A62054A934203D15A6C22
:1084580042F400425A64002300E00123184630BD6C
:108468000000014003681A6A22F001021A621A6ABF
:108478001A621A6A22F010021A621A6A1A62154AF5
:1084880093420DD1196A41F21112114208D1196AA9
:1084980040F24442114202BF5A6C22F400425A642C
:1084A800196A41F21112114208D1196A40F2444284
:1084B800114202BF1A6822F001021A60012380F8F3
:1084C8003E3080F83F3080F8423080F8433000205A
:1084D800704700BF0000014030B590F83E4090F86A
:1084E8003F2090F8423090F84310012CD2B2DBB212
:1084F800C9B230D1012A2ED1012B2CD101292BD17F
:10850800022380F83E3080F83F3080F8423080F80F
:1085180043300368DA6842F00202DA60DA6842F04F
:108528000402DA601A6A22F001021A621A6A42F038
:1085380001021A621A6A22F010021A621A6A42F0DA
:1085480010021A62054A934203D15A6C42F400425F
:108558005A64002300E00123184630BD00000140A2
:108568000368DA6822F00202DA60DA6822F00402AC
:10857800DA601A6A22F001021A621A6A1A621A6A20
:1085880022F010021A621A6A1A62154A93420DD131
:10859800196A41F21112114208D1196A40F2444293
:1085A800114202BF5A6C22F400425A64196A41F21D
:1085B8001112114208D1196A40F24442114202BF15
:1085C8001A6822F001021A60012380F83E3080F810
:1085D8003F3080F8423080F843300020704700BFB9
:1085E8000000014070477047022310B580F83D3005
:1085F8000368196A41F211121142044608D1196A36
:1086080040F24442114202BF1A6822F001021A6085
:108618002046FFF7E8FF002084F8460084F83C0075
:1086280084F83E0084F83F0084F8420084F8430050
:1086380084F83D0010BD30B590F83E2090F83F30EA
:1086480090F8425090F84340D2B2DBB2EDB2E4B2B7
:10865800C9B9012A46D1012D46D1022380F83E30FE
:1086680080F8423003681A6A22F001021A621A6A14
:1086780042F001021A620268136843F001031360B2
:108688000023184630BD042911D1012B2AD1012C11
:10869800F7D1022380F83F3080F8433003681A6A24
:1086A80022F010021A621A6A42F01002E2E7012A66
:1086B80018D1012B18D1012DE3D1012CE1D10223CE
:1086C80080F83E3080F83F3080F8423080F8433000
:1086D80003681A6A22F001021A621A6A42F0010259
:1086E8001A62DCE70123CCE71346CAE710B5036832
:1086F80059B1042905D01A6A22F001021A621A6ACD
:108708001A621A6A22F0100202E01A6A22F00102C2
:108718001A621A6A1A621C6A41F21112144208D1CA
:108728001C6A40F24442144202BF1A6822F0010255
:108738001A60012331B104290AD180F83F3080F84A
:10874800433003E080F83E3080F84230002010BD0E
:1087580080F83E3080F83F3080F84230EFE730B59F
:1087680090F83E2090F83F3090F8425090F84340FF
:10877800D2B2DBB2EDB2E4B2E9B9012A5AD1012D85
:108788005AD1022380F83E3080F8423003681A6AD2
:1087980022F001021A621A6A42F001021A62DA68C9
:1087A80042F00202DA600268136843F001031360C2
:1087B8000023184630BD042915D1012B3AD1012CCC
:1087C800F7D1022380F83F3080F8433003681A6AF3
:1087D80022F010021A621A6A42F010021A62DA686B
:1087E80042F00402DEE7012A24D1012B24D1012D15
:1087F800DFD1012CDDD1022380F83E3080F83F30F4
:1088080080F8423080F8433003681A6A22F0010287
:108818001A621A6A42F001021A621A6A22F01002F7
:108828001A621A6A42F010021A62DA6842F0020208
:10883800DA60D4E70123BCE71346BAE7036810B54A
:108848001A6AF9B922F001021A621A6A1A62DA6817
:1088580022F00202DA601C6A41F21112144208D1B5
:108868001C6A40F24442144202BF1A6822F0010214
:108878001A60012309B3042925D180F83F3080F814
:1088880043301EE0042908D122F010021A621A6A45
:108898001A62DA6822F00402DCE722F001021A62A6
:1088A8001A6A1A621A6A22F010021A621A6A1A629C
:1088B800DA6822F00202DA60EBE780F83E3080F8EE
:1088C8004230002010BD80F83E3080F83F3080F8FC
:1088D8004230D4E72DE9F341044690F83E7090F811
:1088E8003F6090F8420094F8435098469446BDF88B
:1088F8002030FFB2F6B2C0B2EDB2002934D1022F57
:1089080000F0B080022802D0012F03D0012002B06D
:10891800BDE8F0810128F9D1002AF7D0002BF5D065
:10892800606A022184F83E1084F842105049C163FD
:10893800504901645049C16421683431FBF78EFB0A
:108948000028E3D12368DA6842F40072DA601A6A10
:1089580022F001021A621A6A42F001021A621A68C7
:1089680042F001021A60D2E704292CD1022E7BD0F2
:10897800022D7BD0012EC9D1012DC7D1B8F1000F2E
:10898800C4D0002BC2D0A06A2168022284F83F20FC
:1089980084F84320364AC263364A0264364AC264BF
:1089A80038314246FBF75AFB0028AFD12368DA6812
:1089B80042F48062DA601A6A22F010021A621A6AB5
:1089C80042F01002CAE7022F4CD0022E4CD00228E7
:1089D8009DD0022D4AD0012F98D1012E96D1012881
:1089E80094D1012D92D1002A90D0B8F1000F8DD0EA
:1089F800002B8BD02168606A1D4F1E4E1E4D0193BF
:108A0800022284F83E20343184F83F2084F8422042
:108A180084F84320C7630664C5646246FBF71EFBFF
:108A280000287FF473AFA06A2168019BC564C0E980
:108A38000F7642463831FBF711FB00287FF466AF0A
:108A48002368DA6842F40072DA60DA6842F4806215
:108A5800DA601A6A22F001021A621A6A42F0010206
:108A68001A62A8E7384652E7304650E728464EE7EC
:108A7800FD8D0008798E0008A590000838B50368B8
:108A880004461A6A0D4619BB22F001021A621A6AD4
:108A98001A62DA68406A22F40072DA60FBF75CFB5B
:108AA8002368196A41F21112114208D1196A40F279
:108AB8004442114202BF1A6822F001021A600123DF
:108AC80055B3042D2ED184F83F3084F8433027E085
:108AD80004290AD122F010021A621A6A1A62DA68A4
:108AE80022F48062DA60A06AD8E722F001021A62F2
:108AF8001A6A1A621A6A406A22F010021A621A6A1C
:108B08001A62DA6822F40072DA60DA6822F48062A3
:108B1800DA60FBF721FBE6E784F83E3084F8423060
:108B2800002038BD84F83E3084F83F3084F8423065
:108B3800CBE7F8B5154690F84620022A04460F46BA
:108B4800D0B21946DDE9066306D094F84620012A1A
:108B580006D111B90EB10120F8BD022284F84620D1
:108B6800B5F5006F30D01DD8B5F5007F25D0B5F527
:108B7800806F27D0B5F5807FEDD1206A184AC2638F
:108B8800184A0264184AC26422684C32FBF766FA33
:108B98000028E0D123683E439E64DA681543DD600F
:108BA8000020D9E7B5F5005F10D0B5F5804F12D099
:108BB800B5F5805FCFD1206B00E0606A0B4AC263D5
:108BC8000B4ADEE7A06AF9E7E06AF7E7606B094A53
:108BD800C263094AD5E7A06B084AC263084AD0E7CE
:108BE800D78D0008EF8D0008A5900008B38E000807
:108BF8001F8F0008B1B20008C3B2000881900008B6
:108C08009990000837B5069D2C0A0134CDE9005427
:108C1800FFF78FFF03B030BDB1F5006F38B50446DC
:108C28000D4627D00AD8B1F5007F1FD0B1F5806F67
:108C38001ED0B1F5807F0CD0012038BDB1F5005FA2
:108C48001AD0B1F5804F19D0B1F5805FF4D1006B1F
:108C580000E0006AFBF780FA2368D96821EA050575
:108C6800DD60012384F846300020E6E7406AF1E73A
:108C7800806AEFE7C06AEDE7406BEBE7806BE9E7F6
:108C8800F8B50F4690F84610022904461546C8B2B2
:108C98001A46DDE9066306D094F84610012906D184
:108CA80012B90EB10120F8BD022184F84610B5F5BD
:108CB800006F30D01DD8B5F5007F25D0B5F5806F91
:108CC80027D0B5F5807FEDD1206A1949C1631949CC
:108CD80001641949C16421684C31FBF7BFF90028C8
:108CE800E0D123683E439E64DA681543DD600020C6
:108CF800D9E7B5F5005F10D0B5F5804F12D0B5F5BE
:108D0800805FCFD1206B00E0606A0C49C1630C49D9
:108D1800DEE7A06AF9E7E06AF7E7606B0949C16333
:108D28000949D5E7A06B0949C1630949D0E700BFE4
:108D3800D78D0008EF8D0008A5900008FD8D00086C
:108D4800798E0008B1B20008C3B20008819000080B
:108D58009990000837B5069D2C0A0134CDE90054D6
:108D6800FFF78EFF03B030BDFFF756BF90F83C30D9
:108D7800012B4FF0020309D080F83D300368596198
:108D8800012380F83D30002380F83C3018467047B6
:108D98000268536823F0800319435160002070472C
:108DA800082910D004D841B1042909D000207047FF
:108DB8000C29FBD10368186C70470368586B70471F
:108DC8000368986B70470368D86B70477047806B6F
:108DD80008B5036ADB6913B9012380F83D30F7F75A
:108DE800E1FA08BD704708B5806BFFF7FBFF08BDC7
:108DF8007047704710B5846B626A82420DD10123B7
:108E08002377D2691AB984F83E3084F84230204674
:108E1800FFF7EFFF0023237710BDA36A83420AD12F
:108E280002222277DB69002BF1D1012384F83F303D
:108E380084F84330EBE7E36A83420AD104222277BD
:108E4800DB69002BE3D1012384F8403084F84430F7
:108E5800DDE7236B8342DAD108222277DB69002B16
:108E6800D5D1012384F8413084F84530CFE77047E5
:108E780010B5846B636A834207D1012323772046A8
:108E8800FFF7F5FF0023237710BDA36A834201D1C2
:108E98000223F3E7E36A834201D10423EEE7236B5D
:108EA8008342ECD10823E9E7704710B5846B626A06
:108EB80082420BD101232377D2690AB984F83E3064
:108EC8002046FFF7F1FF0023237710BDA36A8342F2
:108ED80008D102222277DB69002BF1D1012384F823
:108EE8003F30EDE7E36A834208D104222277DB6949
:108EF800002BE5D1012384F84030E1E7236B83425E
:108F0800DED108222277DB69002BD9D1012384F82E
:108F18004130D5E7704710B5846B636A834207D147
:108F2800012323772046FFF7F5FF0023237710BDA1
:108F3800A36A834201D10223F3E7E36A834201D1A2
:108F48000423EEE7236B8342ECD10823E9E770475B
:108F5800036870B5DD681E69B10704460DD5AA0718
:108F68000BD56FF002021A61012202779B699B07F9
:108F780069D0FFF73EFF00232377710710D56A07F2
:108F88000ED523686FF004021A61022222779B69CA
:108F980013F4407F20465CD0FFF72BFF0023237794
:108FA80033070FD528070DD523686FF008021A611B
:108FB80004222277DB699907204650D0FFF719FF72
:108FC80000232377F20610D5EB060ED523686FF041
:108FD80010021A6108222277DB6913F4407F2046C9
:108FE80043D0FFF706FF00232377F00708D5E907EA
:108FF80006D523686FF001021A612046F7F7D2F907
:10900800320608D52B0606D523686FF080021A6150
:10901800204602F05AF9700608D5690606D5236875
:109028006FF040021A612046FFF791FFB20622D581
:10903800AB0620D523686FF0200220461A61BDE8F0
:10904800704002F030B9FFF7D3FE2046FFF72CFF3F
:1090580091E7FFF7CDFE2046FFF726FF9EE7FFF7D3
:10906800C7FE2046FFF720FFAAE7FFF7C1FE20460C
:10907800FFF71AFFB7E770BD806B08B5836BDB6934
:1090880013B9012380F83D30FFF761FF08BD704731
:1090980008B5806BFFF7FBFF08BD704710B5846B00
:1090A800636A834209D10123237784F83E3020463E
:1090B800FFF7F3FF0023237710BDA36A834205D18E
:1090C80002232377012384F83F30F0E7E36A8342E1
:1090D8004FF0010304D10422227784F84030E6E7F8
:1090E800226B824203BF0822227784F8413084F839
:1090F8003D30DCE790F83D00704790F83D00704740
:1091080090F83D00704790F83D00704790F83D009A
:10911800704790F83D007047007F704719B990F884
:109128003E00C0B27047042902D190F83F00F8E72A
:1091380008290CBF90F8400090F84100F1E790F83A
:1091480046007047264A036890420ED0B0F1804F1F
:109158000BD0A2F57C42904207D002F58062904283
:1091680003D002F58062904215D14A6823F070035B
:1091780013431B4A904219D0B0F1804F16D0A2F584
:109188007C42904212D002F5806290420ED002F5E5
:10919800806290420AD0134A904207D002F580625A
:1091A800904203D002F58062904203D1CA6823F44A
:1091B800407313434A6923F0800313438A68C262E9
:1091C8000A688262064A904204BF0A69026302681A
:1091D80042F004020260012242610360704700BF4E
:1091E800000001400040014010B5044630B390F83B
:1091F8003D3003F0FF021BB980F83C20FEF710FF5A
:109208000223206884F83D30211DFFF79BFF0123CE
:1092180084F84630002084F83E3084F83F3084F8E3
:10922800403084F8413084F8423084F8433084F880
:10923800443084F8453084F83D3010BD0120FCE707
:1092480010B5044630B390F83D3003F0FF021BB967
:1092580080F83C20FFF70EF80223206884F83D30A0
:10926800211DFFF76FFF012384F84630002084F8A2
:109278003E3084F83F3084F8403084F8413084F838
:10928800423084F8433084F8443084F8453084F818
:109298003D3010BD0120FCE710B5044630B390F80E
:1092A8003D3003F0FF021BB980F83C20FFF713F8AC
:1092B8000223206884F83D30211DFFF743FF012376
:1092C80084F84630002084F83E3084F83F3084F833
:1092D800403084F8413084F8423084F8433084F8D0
:1092E800443084F8453084F83D3010BD0120FCE757
:1092F80010B5044630B390F83D3003F0FF021BB9B7
:1093080080F83C20FFF718F80223206884F83D30E5
:10931800211DFFF717FF012384F84630002084F849
:109328003E3084F83F3084F8403084F8413084F887
:10933800423084F8433084F8443084F8453084F867
:109348003D3010BD0120FCE738B50D46044630B36A
:1093580090F83D3003F0FF021BB980F83C20FFF77E
:109368001CF80223206884F83D30211DFFF7EAFE2F
:1093780023681A6822F008021A601A682A431A60D9
:10938800012384F84630002084F83E3084F83F30CA
:1093980084F8423084F8433084F83D3038BD0120E9
:1093A800FCE7F8B50D46044600284DD090F83D304E
:1093B80003F0FF021BB980F83C20FFF713F92146A0
:1093C800022384F83D3051F8040B836823F480436A
:1093D80023F007038360FFF7B5FE20682A688668D4
:1093E8008369A968076A1643AA6923F4407341EAA6
:1093F800022123F003030B4323F47C422B69E96920
:109408001B0143EA0123E9680B43296A22F0FC02A5
:1094180043EA01331343696927F0AA026F6886603B
:1094280047EA0117836117430123076284F846302E
:10943800002084F83E3084F83F3084F8423084F8C5
:10944800433084F83D30F8BD0120FCE7036A026A26
:1094580022F01002026270B5446882690D6822F435
:10946800E64242EA05228D6823F0200343EA051309
:109478000C4DA8420FD1056A25F040050562CD685C
:1094880023F0800343EA0513D1E9055624F4406428
:10949800354344EA8504446082614A688263036212
:1094A80070BD00BF0000014038B590F83C30012B7A
:1094B80005461FD00120082A85F83C0016D006D89A
:1094C8005AB1042A0ED0002385F83C3038BD0C2A46
:1094D800F9D12868FEF72AFD02E02868FEF7D0FCDB
:1094E8000020F0E72868FFF7B1FFF9E72868FEF7E2
:1094F800F1FCF5E70220E9E770B590F83C30012B64
:10950800054653D00120082A85F83C003DD006D8EE
:10951800C2B1042A28D0002385F83C3070BD0C2A3B
:10952800F9D12868FEF702FD2B680969DA6942F467
:109538000062DA61DA6922F48062DA61DA6942EAA1
:10954800012231E02868FEF79BFC2B6809699A69BB
:1095580042F008029A619A6922F004029A619A69B3
:109568000A439A610020D6E72868FFF76FFF2B6847
:1095780009699A6942F400629A619A6922F48062E0
:109588009A619A6942EA0122EBE72868FEF7A2FC91
:109598002B680969DA6942F00802DA61DA6922F0AF
:1095A8000402DA61DA690A43DA61DBE70220B5E727
:1095B80070B5056A046A194E24F001040462B042C9
:1095C80002BF046A24F004040462B042846920D013
:1095D800B0F1804F1DD0124EB0421AD006F5806609
:1095E800B04216D006F58066B04212D006F59A361B
:1095F800B0420ED044F001021B01DBB222F0F002AF
:109608001A4301F00A0125F00A0319438261016235
:1096180070BD24F003042243EEE700BF00000140C0
:1096280000040040F8B590F83C30012B05460C4684
:109638007BD0012085F83C009AB9CB682868D1E92D
:109648000012FFF7B5FF2B68A1689A6922F00C0297
:109658009A619A690A439A610020002385F83C3090
:10966800F8BD042A0FD1CB682868D1E90012FEF7AB
:1096780099FC2B68A1689A6922F440629A619A69F8
:1096880042EA0122E7E7082A29D12B681E6A1F6AE5
:1096980027F48077D1E90020C9681F62244FBB42B4
:1096A80002BF1F6A27F480671F62DF6927F003077C
:1096B8003843090120F0F000C9B21202014302F454
:1096C800206226F420600243D9611A62DA69A1682F
:1096D80022F00C02DA61DA690A43DA61BCE70C2A83
:1096E800BBD12B681E6A1F6A27F48057D1E9002C6A
:1096F800C9681F62D86920F4407040EA0C20090349
:1097080020F4704089B21203014302F4204226F487
:1097180020400243D9611A62DA69A16822F44062E2
:10972800DA61DA6942EA0122D7E7022098E700BF46
:109738000000014070B59A4288B005460C461E46A6
:1097480067D090F83C30012B4FF002001AD001236B
:1097580085F83C3085F83D000B6801934B6802930F
:109768008B680393CB6804930B6906934B69079343
:1097780052B1042A2BD00120012385F83D30002363
:1097880085F83C3008B070BD286801A9FEF778FB61
:1097980016B3042EEFD1D4E90723A1692868FEF790
:1097A80001FC2B689A6922F440629A619A6822F057
:1097B80070029A609A6842F060029A609A6822F091
:1097C80007029A609A6842F006029A601FE02868C9
:1097D80001A9FFF73BFEDBE7D4E90723A169286865
:1097E800FFF7E6FE2A68936923F00C0393619368F8
:1097F80023F070039360936843F050039360936879
:1098080023F007039360936843F0060393600020F6
:10981800B2E70120B6E710B58468114324F47F4409
:1098280041EA03232343836010BD70B590F83C30B0
:10983800012B04460D4616464FF0020324D00122A0
:1098480080F83C2080F83D304B684BB1934214D0EF
:10985800012384F83D30002384F83C30104670BD65
:109868000268936823F47F439360082E35D013D899
:10987800DEB1042E25D00022EAE7C96831B1002202
:1098880080F83D3080F83C201A46E7E72B69AA6843
:109898000068FFF7C0FFE8E70C2EECD12A682368C0
:1098A80042B3DA6942F400421DE02A68236822B113
:1098B8009A6942F080029A61DDE79A6922F0800293
:1098C800F9E72A6823681AB19A6942F40042F2E774
:1098D800996921F400419961BAE72A68236822B19D
:1098E800DA6942F08002DA61C5E7D96921F08001BE
:1098F800D961ADE7D96921F40041F9E710B590F8CD
:109908003C30012B04464FF002036BD0012280F853
:109918003D3080F83C200068836823F47F4323F0BF
:10992800770383600B68602B46D027D8402B4ED036
:1099380017D8202B0DD00AD833F0100109D00123F5
:1099480084F83D30002384F83C30104610BD302B9D
:10995800F5D1826822F07002134343F00703836055
:109968001EE0502BEBD1CA684968FEF701FB22685C
:10997800936823F0700343F0570310E0B3F5805F5A
:109988000ED0B3F5005F0DD0702BD8D1CB68D1E9DC
:109998000121FFF740FF2268936843F07703936043
:1099A8000022CCE7CB68D1E90121FFF734FF226818
:1099B800936843F48043F2E7CA684968FEF714FBEA
:1099C8002268936823F0700343F06703E7E7CA68E7
:1099D8004968FEF7CDFA2268936823F0700343F0D4
:1099E8004703DCE71A46B0E700684B68826822F054
:1099F800700210B51A430C6822F007022243502B5C
:109A080082602CD010D8402B19D032D8202B14D0FB
:109A180005D833F0100314BF0120002010BDB3F1A6
:109A2800300018BF0120F9E7602B1DD0702B20D122
:109A38000B69D1E90221FFF7EEFE0020EEE7052CC5
:109A480017D0026A036A096923F001030362836974
:109A580023F0F00343EA011383610262EDE70A6928
:109A68008968FEF785FAE8E70A698968FEF7BCFAAB
:109A7800E3E70120D2E738B590F83C30012B0446E3
:109A88004FF002031CD0012580F83C5080F83D308F
:109A9800FFF7AAFF30B1002384F83D5084F83C302A
:109AA800284638BD2368DA6822F04002DA60DA68AE
:109AB80022F48042DA6084F83D5084F83C00F0E7F4
:109AC8001846EEE738B590F83C30012B04464FF0C5
:109AD80002031CD0012580F83C5080F83D30FFF788
:109AE80083FF30B1002384F83D5084F83C30284689
:109AF80038BD2368DA6842F04002DA60DA6822F496
:109B08008042DA6084F83D5084F83C00F0E718465B
:109B1800EEE7036A01F01F0110B501248C4023EA27
:109B280004030362036A8A401A43026210BD10B537
:109B3800044629B990F83E30012B21D0012010BDF0
:109B4800042907D190F83F30012BF7D1022384F87C
:109B58003F3018E0082907D190F84030012BEDD1AB
:109B6800022384F840300EE090F84130012BE5D113
:109B78000429EBD00829F3D0022380F8413002E011
:109B8800022380F83E3001222068FFF7C2FF2368D5
:109B9800124A93420AD15A6C42F400425A649A68B3
:109BA80002F00702062A13D10020C8E7B3F1804F5C
:109BB800F5D00B4A9342F2D002F580629342EED080
:109BC80002F580629342EAD002F59A329342E6D0D7
:109BD8001A6842F001021A60E6E700BF000001407F
:109BE80000040040FFF7A3BF38B504460022006810
:109BF8000D46FFF78EFF2368184A93420DD1196A64
:109C080041F21112114208D1196A40F2444211423C
:109C180002BF5A6C22F400425A64196A41F21112C6
:109C2800114208D1196A40F24442114202BF1A682F
:109C380022F001021A6001231DB984F83E30002089
:109C480038BD042D02D184F83F30F8E7082D0CBF49
:109C580084F8403084F84130F1E700BF000001404B
:109C6800FFF7C2BF10B5044629B990F83E30012B62
:109C780030D0012010BD04290BD190F83F30012BC2
:109C8800F7D10223226884F83F30D36843F00403F5
:109C980027E008290BD190F84030012BE9D10223A5
:109CA800226884F84030D36843F0080319E090F83C
:109CB8004130012BD8B2DCD10429E2D00829EED0FA
:109CC80002230C2984F84130D4D12268D36843F0A8
:109CD800100306E00223026880F83E30D36843F0A0
:109CE8000203D36020680122FFF713FF2368124A9A
:109CF80093420AD15A6C42F400425A649A6802F0BC
:109D08000702062A13D10020B4E7B3F1804FF5D03B
:109D18000A4A9342F2D002F580629342EED002F5ED
:109D280080629342EAD002F59A329342E6D01A68EA
:109D380042F001021A60E6E700000140000400401A
:109D4800FFF790BF082938B505460C4641D004D81E
:109D580051B1042938D0012038BD0C29FBD1026843
:109D6800D36823F0100303E00268D36823F00203EA
:109D7800D360286800222146FFF7CBFE2B681D4AD6
:109D880093420DD1196A41F21112114208D1196A90
:109D980040F24442114202BF5A6C22F400425A6413
:109DA800196A41F21112114208D1196A40F244426B
:109DB800114202BF1A6822F001021A6001236CB92D
:109DC80085F83E300020C7E70268D36823F0040313
:109DD800CEE70268D36823F00803C9E7042C02D150
:109DE80085F83F30EEE7082C0CBF85F8403085F841
:109DF8004130E7E700000140FFF7A4BF38B50D4642
:109E0800044611462DB990F83E20022AD0B214D14A
:109E180038BD042D0AD190F83F00A0F1020CDCF106
:109E2800000040EB0C0080B10220F1E7082D0CBFC8
:109E380090F8400094F84100EFE794F83E20501E57
:109E48004242424162B90120E2E7042D02D194F86E
:109E58003F20F4E7082D31D194F84020012AF2D1AF
:109E68000029F0D0002BEED0022255BB606A84F89E
:109E78003E20404AC263404A0264404AC2642268A3
:109E88003432FAF7EBF80028DDD12268D36843F4BE
:109E98000073D360206801222946FFF73AFE236841
:109EA800374A93424FD15A6C42F400425A649A6836
:109EB80002F00702062A58D10020A9E794F84120A9
:109EC800CCE7042D13D1A06A84F83F20294AC26345
:109ED800294A0264294AC26422683832FAF7BEF86D
:109EE8000028B0D12268D36843F48063D1E7082DF5
:109EF80013D1E06A84F840201E4AC2631E4A0264F5
:109F08001E4AC26422683C32FAF7A8F800289AD19F
:109F18002268D36843F40063BBE70C2D84F8412022
:109F280091D1206B134AC263134A0264134AC26474
:109F380022684032FAF792F8002884D12268D36860
:109F480043F48053A5E7B3F1804FB0D00D4A934254
:109F5800ADD002F580629342A9D002F580629342A7
:109F6800A5D002F59A329342A1D01A6842F00102B4
:109F78001A60A1E7B38E00081F8F0008A59000089B
:109F88000000014000040040FFF738BF082938B539
:109F980005460C4648D004D861B104293DD00120BB
:109FA80038BD0C29FBD10268006BD36823F48053B9
:109FB800D36005E00268406AD36823F40073D36075
:109FC800FAF7CAF8002228682146FFF7A2FD2B6895
:109FD8001F4A93420DD1196A41F21112114208D158
:109FE800196A40F24442114202BF5A6C22F40042FC
:109FF8005A64196A41F21112114208D1196A40F2E1
:10A008004442114202BF1A6822F001021A60012379
:10A018008CB985F83E300020C2E70268806AD368B0
:10A0280023F48063D360CBE70268C06AD36823F463
:10A038000063D360C4E7042C02D185F83F30EAE717
:10A04800082C0CBF85F8403085F84130E3E700BFA5
:10A0580000000140FFF79ABF10B50446002936D129
:10A0680090F83E0094F84230C0B20128DBB256D1D5
:10A07800012B55D1022300293FD184F83E3084F8C2
:10A08800423001222068FFF744FD2368254A9342A5
:10A0980012D0B3F1804F0FD0A2F57C4293420BD07F
:10A0A80002F58062934207D002F58062934203D0A2
:10A0B80002F59A32934204D19A6802F00702062AFE
:10A0C80003D01A6842F001021A60002028E004292F
:10A0D80005D190F83F0094F84330C0B2C5E708298D
:10A0E8000BBF90F8400094F8410094F8443094F87D
:10A0F80045300CBFC0B2C0B2B7E7042904D184F818
:10A108003F3084F84330BCE708290BBF84F840305F
:10A1180084F8413084F8443084F84530B1E70120B0
:10A1280010BD00BF0000014038B504460022006899
:10A138000D46FFF7EEFC2368196A41F2111211422D
:10A1480008D1196A40F24442114202BF1A6822F04B
:10A1580001021A6001232DB984F83E3084F8423098
:10A16800002038BD042D04D184F83F3084F84330F2
:10A17800F6E7082D0BBF84F8403084F8413084F8A6
:10A18800443084F84530EBE710B5044600293BD14C
:10A1980090F83E3090F84200DBB2012BC0B26AD191
:10A1A800012868D10223002944D1226884F83E306E
:10A1B80084F84230D36843F00203D3602068012258
:10A1C800FFF7A7FC23682D4A934212D0B3F1804FC2
:10A1D8000FD0A2F57C4293420BD002F580629342E5
:10A1E80007D002F58062934203D002F59A32934277
:10A1F80004D19A6802F00702062A03D01A6842F0CE
:10A2080001021A60002037E0042905D190F83F3098
:10A2180090F84300DBB2C0E708290BBF90F8403044
:10A2280094F8413090F8440094F845000CBFDBB234
:10A23800DBB2B2E7042908D1226884F83F3084F8F9
:10A248004330D36843F00403B7E7082908D12268EC
:10A2580084F8403084F84430D36843F00803ACE70E
:10A268000C2984F8413084F8453005D12268D36838
:10A2780043F01003A1E7012010BD00BF000001401A
:10A28800082938B505460C4632D004D851B10429FE
:10A2980029D0012038BD0C29FBD10268D36823F0EE
:10A2A800100303E00268D36823F00203D360214659
:10A2B80000222868FFF72DFC2B68196A41F2111259
:10A2C800114208D1196A40F24442114202BF1A6889
:10A2D80022F001021A6001237CB985F83E3085F826
:10A2E80042300020D6E70268D36823F00403DDE794
:10A2F8000268D36823F00803D8E7042C04D185F852
:10A308003F3085F84330ECE7082C0BBF85F8403028
:10A3180085F8413085F8443085F84530E1E72DE986
:10A32800F34105461746884689B990F83E6090F88B
:10A338004200F6B2022EC4B200F0C880022C02D04D
:10A34800012E1AD00124204602B0BDE8F08104296C
:10A3580005D190F83F6090F84300F6B2EAE7082983
:10A368000BBF90F8406095F8416090F8440095F86C
:10A3780045000CBFF6B2F6B2DCE7012CE2D1002FA3
:10A38800E0D0002BDED00222B8F1000F36D185F8DC
:10A398003E2085F842204146286801930122FFF7B4
:10A3A800B8FBB8F1080F2968019B7BD03AD8B8F1FF
:10A3B800000F4ED0B8F1040F60D02B68444A934286
:10A3C80012D0B3F1804F0FD0A2F57C4293420BD04C
:10A3D80002F58062934207D002F58062934203D06F
:10A3E80002F59A32934204D19A6802F00702062ACB
:10A3F800A9D01A6842F001021A60A4E7B8F1040F64
:10A4080004D185F83F2085F84320C4E7B8F1080F48
:10A418000BBF85F8402085F8412085F8442085F851
:10A428004520B8E7B8F10C0FC7D1286B294AC26399
:10A43800294A0264294AC26440313A46F9F70EFEB5
:10A44800044600287FF47EAF2A68D36843F480531B
:10A4580012E0686A1F4AC2631F4A02641F4AC26444
:10A4680034313A46F9F7FAFD044600287FF46AAF1A
:10A478002A68D36843F40073D3609EE7A86A154A34
:10A48800C263154A0264154AC26438313A46F9F77C
:10A49800E5FD044600287FF455AF2A68D36843F4E5
:10A4A8008063E9E7E86A0B4AC2630B4A02640B4A15
:10A4B800C2643C313A46F9F7D1FD044600287FF4DE
:10A4C80041AF2A68D36843F40063D5E734463AE7D6
:10A4D80000000140FD8D0008798E0008A590000855
:10A4E80038B500220D4604460068FFF712FB082D18
:10A4F80034D004D865B1042D29D0012038BD0C2DE5
:10A50800FBD12268206BD36823F48053D36005E025
:10A518002268606AD36823F40073D360F9F71CFEDD
:10A528002368196A41F21112114208D1196A40F2DE
:10A538004442114202BF1A6822F001021A60012344
:10A548009DB984F83E3084F842300020D6E722686E
:10A55800A06AD36823F48063D360DFE72268E06AE7
:10A56800D36823F40063D360D8E7042D04D184F8BA
:10A578003F3084F84330E8E7082D0BBF84F84030BB
:10A5880084F8413084F8443084F84530DDE700BF72
:10A59800036A01F00F0110B504248C4023EA040378
:10A5A8000362036A8A401A43026210BD10B5846BC5
:10A5B800636A834209D10123237784F84230204615
:10A5C800FEF76BFD0023237710BDA36A834205D1F4
:10A5D80002232377012384F84330F0E7E36A8342B8
:10A5E80001BF04232377012384F84430E7E710B53B
:10A5F800846B626A82420BD101232377D2690AB93C
:10A6080084F842302046FEF74FFC0023237710BD24
:10A61800A36A834208D102222277DB69002BF1D199
:10A62800012384F84330EDE7E36A8342EAD1042248
:10A638002277DB69002BE5D1012384F84430E1E778
:10A64800704770B50E4688B00446002858D090F878
:10A658003D3003F0FF021BB980F83C20FFF7F0FF04
:10A668000223206884F83D30211DFEF76BFDB36896
:10A67800316820680322FEF79BFF206872688369AF
:10A6880023F00C038361836913438361436843F0B8
:10A6980080034360836823F070038360836843F01A
:10A6A80040038360836823F007038360836843F073
:10A6B8000403836070230025019301A9F3680293C2
:10A6C800CDE90555CDE903550795FEF7BFFE23688B
:10A6D8005A6822F070025A605A6842F050025A6072
:10A6E800012384F84630284684F83E3084F83F3009
:10A6F80084F8423084F8433084F83D3008B070BDA7
:10A708000120FBE77047022310B580F83D3003684D
:10A71800196A41F211121142044608D1196A40F22D
:10A728004442114202BF1A6822F001021A60204610
:10A73800FFF7E8FF002084F8460084F83C0084F81E
:10A748003E0084F83F0084F8420084F8430084F80F
:10A758003D0010BD38B5044690F83E1090F83F30E3
:10A7680090F8420094F843200129DBB2C0B2D2B27B
:10A7780034D1012B32D1012830D1012A2FD1022323
:10A7880084F83E30206884F83F30002184F8423055
:10A7980084F84330FFF7BDF92368114A934212D079
:10A7A800B3F1804F0FD0A2F57C4293420BD002F553
:10A7B8008062934207D002F58062934203D002F58B
:10A7C8009A32934204D19A6802F00702062A03D00B
:10A7D8001A6842F001021A60002000E0012038BD2A
:10A7E80000000140002210B5044611460068FFF73A
:10A7F80090F92368196A41F21112114208D1196AB5
:10A8080040F24442114202BF1A6822F001021A6063
:10A81800012384F83E30002084F83F3084F8423029
:10A8280084F8433010BD38B5044690F83E1090F8CF
:10A838003F3090F8420094F843200129DBB2C0B2BF
:10A84800D2B238D1012B36D1012834D1012A33D1E3
:10A858000223206884F83E3084F83F3084F8423080
:10A8680084F84330C36843F00203C3600021FFF754
:10A8780050F92368114A934212D0B3F1804F0FD098
:10A88800A2F57C4293420BD002F58062934207D036
:10A8980002F58062934203D002F59A32934204D1C2
:10A8A8009A6802F00702062A03D01A6842F00102E9
:10A8B8001A60002000E0012038BD00BF0000014000
:10A8C800002210B5044611460068FFF722F92368F4
:10A8D800DA6822F00202DA60196A41F211121142B2
:10A8E80008D1196A40F24442114202BF1A6822F0A4
:10A8F80001021A60012384F83E30002084F83F30BA
:10A9080084F8423084F8433010BDF8B5044690F816
:10A918003E3094F84250022B0E461746D8B2EDB29C
:10A9280004D0022D47D0012801D00120F8BD012D07
:10A93800FBD10029F9D0002AF7D0022384F83E3051
:10A94800024684F8423020680021FFF7E2F8606A86
:10A958001A4B2168C3631A4B03641A4BC36432460B
:10A968003B463431F9F77AFB0028DED12368DA68F0
:10A9780042F40072DA60144A934212D0B3F1804F65
:10A988000FD0A2F57C4293420BD002F5806293422D
:10A9980007D002F58062934203D002F59A329342BF
:10A9A80004D19A6802F00702062ABFD01A6842F05A
:10A9B80001021A60BAE72846B8E700BFFD8D000813
:10A9C800798E0008A59000080000014010B500220B
:10A9D800044611460068FFF79CF82268606AD3684D
:10A9E80023F40073D360F9F7B7FB2368196A41F2BF
:10A9F8001112114208D1196A40F24442114202BFB1
:10AA08001A6822F001021A60012384F83E300020FF
:10AA180084F8423010BD10B5044629B990F8423088
:10AA2800012B1DD0012010BD042907D190F8433017
:10AA3800012BF7D1022380F8433014E0082907D10D
:10AA480090F84430012BEDD1022380F844300AE01D
:10AA580090F84530012BE5D1022380F8453002E01B
:10AA6800022380F8423004222068FFF791FD236812
:10AA78005A6C42F400425A64104A934212D0B3F11D
:10AA8800804F0FD0A2F57C4293420BD002F5806232
:10AA9800934207D002F58062934203D002F59A32BE
:10AAA800934204D19A6802F00702062A03D01A6872
:10AAB80042F001021A600020B5E700BF0000014023
:10AAC80038B50446002200680D46FFF761FD23688B
:10AAD800196A41F21112114208D1196A40F244422E
:10AAE800114202BF5A6C22F400425A64196A41F2B8
:10AAF8001112114208D1196A40F24442114202BFB0
:10AB08001A6822F001021A6001231DB984F8423044
:10AB1800002038BD042D02D184F84330F8E7082D11
:10AB28000CBF84F8443084F84530F1E710B504468A
:10AB380029B990F84230012B2AD0012027E00429B6
:10AB48000BD190F84330012BF7D10223226884F807
:10AB58004330D36843F0040321E008290BD190F86F
:10AB68004430012BE9D10223226884F84430D368A9
:10AB780043F0080313E090F84530012BD8B2DCD13C
:10AB88000429E2D00829EED0022384F8453010BD0C
:10AB98000223026880F84230D36843F00203206839
:10ABA800D360C36843F08003C3600422FFF7F0FC5E
:10ABB80023685A6C42F400425A64104A934212D0F5
:10ABC800B3F1804F0FD0A2F57C4293420BD002F52F
:10ABD8008062934207D002F58062934203D002F567
:10ABE8009A32934204D19A6802F00702062A03D0E7
:10ABF8001A6842F001021A600020C8E7000001400C
:10AC0800042938B505460C4639D008293CD0002916
:10AC18004CD10268D36823F00203D3602146002296
:10AC28002868FFF7B5FC2B68196A40F244421142C4
:10AC380002BFDA6822F08002DA60196A41F2111262
:10AC4800114208D1196A40F24442114202BF5A6CBB
:10AC580022F400425A64196A41F21112114208D1D1
:10AC6800196A40F24442114202BF1A6822F00102F6
:10AC78001A6001236CB985F84230002038BD02689B
:10AC8800D36823F00403C8E70268D36823F00803F5
:10AC9800C3E7042C02D185F84330EEE7082C02D133
:10ACA80085F84430E9E785F84530E6E70120E5E72F
:10ACB80038B50D46044611462DB990F84220022AAF
:10ACC800D0B214D138BD042D0AD190F84300A0F1B8
:10ACD800020CDCF1000040EB0C0080B10220F1E72F
:10ACE800082D0CBF90F8440094F84500EFE794F85D
:10ACF8004220501E4242424162B90120E2E7042D3F
:10AD080002D194F84320F4E7082D49D194F844205F
:10AD1800012AF2D10029F0D0002BEED00222002D1A
:10AD280041D1606A84F84220364AC263364A0264D6
:10AD3800364AC26422683432F9F790F90028DCD127
:10AD48002268D36843F40073D3602068042229463C
:10AD5800FFF71EFC23685A6C42F400425A642C4ADE
:10AD6800934212D0B3F1804F0FD0A2F57C429342A8
:10AD78000BD002F58062934207D002F580629342BD
:10AD880003D002F59A32934204D19A6802F007027E
:10AD9800062A03D01A6842F001021A60002091E7DF
:10ADA80094F84520B4E7042D13D1A06A84F8432011
:10ADB800144AC263144A0264144AC26422683832CC
:10ADC800F9F74CF9002898D12268D36843F48063D6
:10ADD800BAE7082D13D1E06A84F84420094AC2630F
:10ADE800094A0264094AC26422683C32F9F736F912
:10ADF800002882D12268D36843F40063A4E784F86A
:10AE080045207AE7F7A500081F8F0008B5A50008B8
:10AE180000000140042938B505460C4633D00829FE
:10AE280038D000294AD10268406AD36823F40073F5
:10AE3800D360F9F791F9002221462868FFF7A8FBAB
:10AE48002B68196A41F21112114208D1196A40F2AD
:10AE58004442114202BF5A6C22F400425A64196AF1
:10AE680041F21112114208D1196A40F244421142CA
:10AE780002BF1A6822F001021A6001238CB985F812
:10AE88004230002038BD0268806AD36823F48063AA
:10AE9800D360CEE70268C06AD36823F40063D36046
:10AEA800C7E7042C02D185F84330EAE7082C02D121
:10AEB80085F84430E5E785F84530E2E70120E1E729
:10AEC800FFF7A9BDFFF7FCBDFFF730BEFFF798BE3F
:10AED800FFF7EEBEFFF79EBFF8B5044690F83E7048
:10AEE80090F83F0094F8422094F8433000290CBFB2
:10AEF80004260026012FFDB2C0B2D2B2DBB21FD1A8
:10AF080001281BD1012A19D1012B17D1022384F85A
:10AF18003E30206884F83F30042284F8423084F8B8
:10AF28004330FFF735FB2A4620683146FEF7F1FD2E
:10AF38002268536C43F40043536400252846F8BD47
:10AF48000125FBE738B5002904460CBF0425002578
:10AF580000680022FFF71CFB002229462068FEF744
:10AF6800D8FD2368196A41F21112114208D1196AF1
:10AF780040F24442114202BF5A6C22F400425A6421
:10AF8800196A41F21112114208D1196A40F2444279
:10AF9800114202BF1A6822F001021A60012384F8E4
:10AFA8003E30002084F83F3084F8423084F8433043
:10AFB80038BDF8B5044690F83E7090F83F0094F814
:10AFC800422094F8433000290CBF04260026012FA4
:10AFD800FDB2C0B2D2B2DBB227D1012823D1012AF7
:10AFE80021D1012B1FD12068022384F83E3084F838
:10AFF8003F3084F8423084F84330C36843F002039A
:10B00800C360C36843F00403C3600422FFF7C0FAB7
:10B018002A4620683146FEF77CFD2268536C43F4CB
:10B028000043536400252846F8BD0125FBE738B5E1
:10B0380004460068C36823F00203C360C36800299C
:10B0480023F004030CBF04250025C3600022FFF78A
:10B058009FFA002229462068FEF75BFD2368196ADB
:10B0680041F21112114208D1196A40F244421142C8
:10B0780002BF5A6C22F400425A64196A41F2111252
:10B08800114208D1196A40F24442114202BF1A68BB
:10B0980022F001021A60012384F83E30002084F86F
:10B0A8003F3084F8423084F8433038BD10B590F80A
:10B0B8003C30012B25D0012380F83C3031F030039F
:10B0C800036806D19C6824F070049C609C68214346
:10B0D8009960596841F001015960596821F00401EB
:10B0E800596059680A435A60DA6822F02002DA6027
:10B0F800DA6822F40052DA60002380F83C301846FF
:10B1080010BD0220FCE710B590F83C30012B25D08B
:10B11800012380F83C3031F03003036806D19C6885
:10B1280024F070049C609C6821439960596841F040
:10B1380001015960596821F00401596059680A43AE
:10B148005A60DA6822F40052DA60DA6842F02002C3
:10B15800DA60002380F83C30184610BD0220FCE776
:10B1680010B590F83C30012B2CD0012380F83C30EE
:10B1780031F03003036806D19C6824F070049C60A9
:10B188009C6821439960596841F0010159605968E8
:10B1980021F00401596059680A435A60426B0A4910
:10B1A800D1630A4911640A49D164DA6822F020029D
:10B1B800DA60DA6842F40052DA60002380F83C3042
:10B1C800184610BD0220FCE7B1B20008C3B200085F
:10B1D800A590000830B590F83C30012B4FF00203E1
:10B1E8002AD080F83D3003680D685C689A6824F0BE
:10B1F80070042C435C60114CA34212D0B3F1804F11
:10B208000FD0A4F57C44A3420BD004F58064A3427C
:10B2180007D004F58064A34203D004F59A34A3420E
:10B2280004D1496822F080020A439A60012380F819
:10B238003D30002380F83C30184630BD0000014006
:10B2480090F83C30012B1FD0CB688A6823F44073F8
:10B2580013434A6823F4806313430A6823F40063A2
:10B2680013430A6923F4805313434A6923F40053B0
:10B278001343CA6923F480431343026853640023C9
:10B2880080F83C30184670470220704790F83C30F0
:10B29800012B1FBF03681965002380F83C3014BFD9
:10B2A800184602207047704708B5806B012380F864
:10B2B8003D30FFF7F8FF08BD704708B5806B0123E4
:10B2C80080F83D30FFF7F8FF08BD704790F83D0063
:10B2D800704719B990F84200C0B27047042902D1EA
:10B2E80090F84300F8E708290CBF90F8440090F85C
:10B2F8004500F1E778B10023C0F8B832C0F8C4328D
:10B30800C0F8D03209B1C0F8B412012380F89C32D9
:10B318000270F5F71DB90320704710B50446F5F71C
:10B328007DF9012384F89C32D4F8B8321BB15B68EC
:10B338002179204698470023C4F8C432C4F8B432AF
:10B34800C4F8D0322046BDE81040F5F755B913B51A
:10B3580000230446ADF8063081B1CB6AC0F8B812B4
:10B3680023B10DF106009847C4F8D002D4F8D832BA
:10B378000133C4F8D832002002B010BD0320FBE727
:10B38800F5F743B910B50446F5F748F9D4F8B832DB
:10B398001BB15B68217920469847002010BD00202A
:10B3A8007047D0F8B8320BB11B6818471846704779
:10B3B80008B5D0F8B8325B689847002818BF032052
:10B3C80008BD38B5044600F2AA25284600F09AFBC5
:10B3D800012394F8AA12C4F89432B4F8B032C4F82D
:10B3E800983201F01F03012B08D0022B0CD08BB927
:10B3F80029462046BDE8384000F05FB92946204676
:10B40800BDE8384000F0AEBA29462046BDE83840CD
:10B4180000F0D7BA204601F08001BDE83840F5F7C2
:10B4280024B970B5044639BBD0F89432032B12D135
:10B43800D0F85831B0F8602193420ED9D0F8641191
:10B448009B1A11449A42C0F85831C0F8641138BFA9
:10B458001A4600F0B0FB002070BD90F89C32032B18
:10B4680006D1D0F8B8321B6913B1C0F8D412984786
:10B47800204600F0A8FBEEE790F89C32032BEAD1B7
:10B48800D0F8B8329B69002BE5D00022BDE87040A7
:10B49800C0F8D422184737B50446002943D1D0F85C
:10B4A8009422022A11D18269058CAA4216D90191E7
:10B4B800416A521B29448261416200F063FB019B8F
:10B4C8001A4619462046F5F7F4F894F8A03213B155
:10B4D800002384F8A032002003B030BD0ED14569A6
:10B4E800AA420BD8D0F89822954207D20A46019171
:10B4F80000F048FB019BC4F89832E1E794F89C32CD
:10B50800032B08D1D4F8B832DB6823B10022C4F881
:10B51800D4222046984780212046F5F7A6F82046F1
:10B5280000F05CFBD1E790F89C32032BD3D1D0F824
:10B53800B8325B69002BCED00022C0F8D42203B009
:10B54800BDE830401847F8B5012380F89C32D0F8A0
:10B55800B83200210446C0F894124160C0F8A41221
:10B5680080F8A012BBB90026002240251146012709
:10B5780040232046F5F75BF884F86371A4F860511E
:10B588002B46002280212046F5F751F884F82370D5
:10B5980025843046F8BD5B68002BE4D09847002826
:10B5A800E1D00326E0E701740020704790F89C3250
:10B5B800042B1EBF90F89C32DBB280F89D32042326
:10B5C80080F89C320020704790F89C32042B02BF10
:10B5D80090F89D32DBB280F89C320020704708B5A5
:10B5E80090F89C22032A05D1D0F8B83213B1DB6950
:10B5F80003B19847002008BDD0F8D422AE3208B570
:10B6080050F8222042B190F89C32032B02D1136AE1
:10B6180023B19847002000E0032008BD1846FCE746
:10B62800D0F8D422AE3208B550F8222042B190F8B2
:10B638009C32032B02D1536A23B19847002000E0C3
:10B64800032008BD1846FCE700207047012208B512
:10B6580080F89C22D0F8B8220AB9002008BD5268A8
:10B66800017990470028F8D00320F7E700207047B9
:10B678000020704710B5428803789A420AD90478A6
:10B68800204423444478052C9BB2F6D184788C421C
:10B69800F3D110BD0020FCE702780B8813440B801F
:10B6A8001044704710B580210446F4F7DEFF2046A9
:10B6B8000021BDE81040F4F7D8BF2DE9F3410D781B
:10B6C80005F06005202D04460E4614D0402D12D0FA
:10B6D800002D40F00A814F78092F00F20681DFE83B
:10B6E80017F00B0134010401230104018600160040
:10B6F8000401F300A200D4F8D432AE33314654F832
:10B7080023309B68204602B0BDE8F041184700236B
:10B71800ADF806304B881A0A013A062A37D8DFE80E
:10B7280002F0041C293636515B00D0F8B4321B688D
:10B73800207C0DF106019847F288002A00F001816B
:10B74800BDF806301BB39A4228BF1A46ADF806204A
:10B758000146204600F008FA1CE0027CD0F8B83216
:10B7680032B99B6A0DF10600984702234370E3E75C
:10B77800DB6AF7E7DBB2052B09D8DFE803F0030F34
:10B7880013171B1FD0F8B4325B68002BD0D12046AA
:10B79800FFF788FF284602B0BDE8F081D0F8B43240
:10B7A8009B68F2E7D0F8B432DB68EEE7D0F8B43241
:10B7B8001B69EAE7D0F8B4325B69E6E7D0F8B4323F
:10B7C8009B69E2E7037C002BE1D1D0F8B8320DF198
:10B7D80006005B6B9847AFE7037C002BD7D1D0F806
:10B7E800B8320DF106001B6B98470723BEE78B881C
:10B7F800002BCCD1CB88002BC9D14E887F2EC6D840
:10B8080090F89C32032BC2D0F1B280F89E12F4F764
:10B818003EFF204600F0D7F91EB1022384F89C327F
:10B82800B8E70123FAE78E784D4F012E3E7003D911
:10B83800FFF738FF0325ADE790F89C32022B5FFA3B
:10B8480083F809D0B8F1030F18D0FFF72BFF397828
:10B858002046FFF7ADFDEDE7002E72D001214160D3
:10B86800FFF79FFD0546204625B1FFF71BFF84F82B
:10B878009C828FE700F0A7F90323CFE75EB9022384
:10B8880080F89C3246603146FFF792FD204600F072
:10B898009AF935467EE74168012952D0C9B2FFF7C7
:10B8A80087FD397861602046FFF77BFD0646002852
:10B8B80047D02046FFF7F6FE21792046FFF778FDAE
:10B8C800022384F89C32E4E7CA88012A7FF45FAF38
:10B8D80090F89C120229CBB205D833B10146002357
:10B8E80041F8083F35E7032B04D02046FFF7DAFE7E
:10B8F80000254FE7011D2CE790F89C32013B022BF5
:10B90800F3D8CB88022B7FF442AF0123C360D0F871
:10B91800A4320BB10323C360022204F10C012046B8
:10B9280000F022F93D4635E74B88012B02D1C4F8D7
:10B93800A43206E0022B7FF42AAF8B881B0A80F81A
:10B94800A032204600F03FF924E790F89C32013BF2
:10B95800022BCAD84B88012B7FF41CAF0023E6E7E3
:10B968004082002070B50B7803F06002402A04463C
:10B978000E4601D05B061FD494F89C32013B022B83
:10B988001AD831790129204617D8FFF76FFE88B9F0
:10B99800D4F8B8329B686BB1C4F8D402314620465B
:10B9A80098470546F3881BB915B9204600F00BF9EE
:10B9B800284670BD0325F5E72046FFF773FE0025EE
:10B9C800F6E770B50B788A880E7903F06003202BB0
:10B9D80004460D4655D0402B53D073BB4B78012BF2
:10B9E8003DD0032B22D043BB90F89C32022BD9B216
:10B9F80063D0032921D106F00F0312F0800F4FF016
:10BA0800140202FB030368D093F82330ABB106F0AD
:10BA18007F05013505EB850500EB850516F07F03ED
:10BA280067D1AB73022205F10E0152E090F89C3207
:10BA3800022BDAB237D0032A03D02046FFF732FEB2
:10BA48000BE04B8833B9710604D0EB8813B9314643
:10BA5800F4F70BFE204600F0B6F8002070BD90F811
:10BA68009C32022BDAB21ED0032AE6D14B88002B77
:10BA7800F3D1730602D03146F4F700FE204600F0F9
:10BA8800A2F831462046FFF7F3FD0028E5D1D4F8A7
:10BA9800B832C4F8D4029B68002BDED02946204671
:10BAA800BDE8704018477206C7D03146F4F7DDFD8F
:10BAB80080212046F4F7D9FDCFE77106BDD11306E2
:10BAC8004CBF00F1140100F5AA71002301F80E3FE4
:10BAD8000222204600F048F8BFE793F86331002BB4
:10BAE800ABD006F07F05142303FB050505F5AA7501
:10BAF80094E731462046F4F759FD08B1012390E751
:10BB0800A8738FE70B7803704B7843704B8843809A
:10BB18008B888380CB88C380704710B5802104460A
:10BB2800F4F7A3FD20460021BDE81040F4F79DBDC1
:10BB380030B588B10024013823460134055D002D55
:10BB4800FAD1DBB201335B0013800B7003234B7017
:10BB5800022310F8012F02B930BDCA545A1CD2B2C0
:10BB680002338D54DBB2F4E710B50223C0F89432E7
:10BB780042611346416282610A460021F4F790FD52
:10BB8800002010BD08B513460A460021F4F788FDC9
:10BB9800002008BD10B50323C0F89432C0F8542122
:10BBA8001346C0F86411C0F858210A460021F4F77A
:10BBB80080FD002010BD08B513460A460021F4F7A1
:10BBC80078FD002008BD08B504220023C0F894229F
:10BBD80019461A46F4F764FD002008BD08B5052289
:10BBE8000023C0F8942219461A46F4F762FD002093
:10BBF80008BDF4F7EDBC0000D0F8D43200EB8300A8
:10BC080010B5D0F8C04284B1D0F8C4325BB194F812
:10BC18000002FF2807D09B6894F801222146984724
:10BC2800FF2384F80032002000E0032010BD0A231F
:10BC380003800148704700BFCC00002070B5822106
:10BC480006460F48FFF716FD012105460C48FFF789
:10BC580011FD812104460A48FFF70CFD0DB11022A1
:10BC6800AA711CB1402222710022627118B14022CF
:10BC780002710022427143230148338070BD00BF26
:10BC8800D8000020DAE770B5822106460E48FFF793
:10BC9800F1FC012105460C48FFF7ECFC8121044624
:10BCA8000948FFF7E7FC0DB11022AA711CB1002268
:10BCB80022710222627118B10022027102224271BD
:10BCC80043230148338070BDD800002038B5D0F830
:10BCD800D432B033044650F823508DB1F4F778FCD1
:10BCE800C5F80C02D4F8D40204EB800405F50371FE
:10BCF800D4F8C432D5F80402DB689847002038BD70
:10BD08000320FCE7F8B5D0F8D46200EB86060A46B3
:10BD1800D6F8C05245B301F00F0C142707FB0C07E7
:10BD28007C6994B1D0F8C8324FF0240E0EFB0C3366
:10BD3800DB69B4FBF3FC03FB1C4434B97C61234688
:10BD48002246F4F7ADFC20460DE0D6F8C4321C6953
:10BD58000027C5F81472002CF5D0D5F8080205F5AF
:10BD68000471A0473846F8BD0320FCE7D0F8D43268
:10BD78002DE9F34100EB83034FF00008D3F8C072BC
:10BD88008DF8058005460E46ADF80680002F6ED06A
:10BD98000A7812F060042ED0202C64D1CC8891F857
:10BDA80001C00CB3120613D5D3F8C4322246394663
:10BDB8009B6860469847F288072A28BF07223946B9
:10BDC8002846FFF7D1FE4446204602B0BDE8F08180
:10BDD800402C28BF402487F800C287F80142224639
:10BDE8003946FFF7D7FEEEE7D3F8C43222469B6800
:10BDF80060469847E8E74F780B2F34D801A353F8EB
:10BE080027F000BF3DBE0008D1BD00086FBE000886
:10BE18006FBE00086FBE00086FBE00086FBE000846
:10BE28006FBE00086FBE00086FBE000853BE000852
:10BE380067BE000890F89C32032B14D102220DF142
:10BE48000601FFF791FE3C46BEE790F89C32032BB3
:10BE580009D101220DF10501FFF786FEB4E790F83C
:10BE68009C32032BB0D031462846FFF756FE0324F8
:10BE7800AAE738B5044600258121F4F7E4FB01213F
:10BE880084F837502046F4F7DEFB84F87751822196
:10BE98002046F4F7D8FBD4F8D43284F84B5004EB9E
:10BEA80083036564D3F8C0228AB1D3F8C4325B68CF
:10BEB8009847D4F8D432B03354F82300F4F790FB01
:10BEC800D4F8D432B03344F82350C4F8BC5200201C
:10BED80038BDF8B504464FF40770F4F77DFB054606
:10BEE80030B9D4F8D432B03344F82300022547E0FF
:10BEF8004FF40772002103F069FCD4F8D432B03350
:10BF080044F82350237CC4F8BC52002B3AD14FF498
:10BF180000730222812120460126F4F788FB84F869
:10BF280037604FF40073314602222046F4F77FFB56
:10BF38001023032284F87761636482210823204652
:10BF4800F4F775FBD4F8D432012704EB830384F8A3
:10BF58004B70D3F8C43200261B68C5F804629847B2
:10BF6800D5F80422C5F81462C5F81862002ABDD0B5
:10BF7800257C95B94FF4007339462046F4F799FBB0
:10BF88002846F8BD40230222812120460126F4F7E5
:10BF98004EFB84F837604023C5E7402339462046E6
:10BFA800F4F787FB3546EBE739B1D0F8D43200EB2C
:10BFB8008300C0F8C4120020704703207047D0F8EF
:10BFC800D432B03350F823302BB1C3F80812C3F879
:10BFD80010220020704703207047D0F8D432B033C5
:10BFE80050F823301BB1C3F8041200207047032017
:10BFF8007047D0F8D432B03310B550F823207AB156
:10C00800D2F8144201236CB9C2F81432D2F81032B3
:10C018008362D2F808228121F4F742FB204610BD42
:10C028000320FCE71846FAE7D0F8D422B03210B55E
:10C0380050F8222082B1047CD2F8042234B94FF49B
:10C0480000730121F4F735FB204610BD4023012180
:10C05800F4F72FFB0024F7E70324F5E7B1F5567F43
:10C0680010B5044604D308B100F06CF8204610BDA2
:10C078000024FBE700F0EFB801F00AB8572910B523
:10C08800044604D908B101F01DF9204610BD00246A
:10C09800FBE710B4BDF8044001945DF8044B01F0CF
:10C0A80015B901F01AB901F01CB901F01EB901F077
:10C0B80022B98164704701F022B941657047016077
:10C0C80070474160704781607047003918BF01218F
:10C0D80001737047043001F02ABA38B504460430B9
:10C0E80001F03CFB0546204600F064F9284638BDBF
:10C0F800043001F0ACB9232938B50446154608D9EF
:10C1080028B1194603F07EFF034B236025622046C1
:10C1180038BD0024FBE700BF8002010801F0ADB87C
:10C128001F2910B5044607D920B1114603F06AFF4C
:10C13800024B2360204610BD0024FBE79002010853
:10C1480001F09DB838B50446002529465C2240F820
:10C15800045B03F03BFBA4F8605004F1640001F0B9
:10C16800B1F82946A4F8BC50C4F8C050202204F104
:10C17800C40003F02BFB4FF41D72294604F1E400C0
:10C1880003F024FB04F5337002F0F9FE0E4BC4F8FB
:10C198000C330E4BC4F810330D4BC4F814330D4B4D
:10C1A800C4F818330C4BC4F81C330C4BC4F82033B8
:10C1B8000B4BC4F824330B4BC4F828330A4BC4F890
:10C1C8002C33204638BD00BF4C010108600101082E
:10C1D80074010108880101089C010108B0010108E7
:10C1E800C4010108D8010108EC01010838B5012390
:10C1F80080F8BC30436F04463BB1B0F87830203B40
:10C208009BB24FF6CF72934202D9002384F8BC3018
:10C21800E36F3BB1B4F88030203B9BB24FF6CF724E
:10C22800934202D9002384F8BC300025B4F8983032
:10C23800AB420BD9D4F8943003EB8503987801F01E
:10C248008CF808B984F8BC000135EFE794F8BC0015
:10C2580080F0010038BD7FB504460025A0F8605085
:10C2680080F8BD505822643003F016FAA36EB4F873
:10C278007820616FCDE90143261DB4F88030009322
:10C288003046E36F01F00CFB2046FFF7AFFF30B1FB
:10C29800304601F0F2FA6572012004B070BD637A8D
:10C2A80013B984F8BC30F7E7054694F8A820ABB278
:10C2B8009A420AD9D4F8A430214653F8250000F050
:10C2C8004BFF01350028F0D0E6E7D4F8B8300093EA
:10C2D800D4F8B020B4F8B430214604F1E40002F0F8
:10C2E800C9F80028D8D194F8F430C4F84C03C4E94C
:10C2F800D100A4F8500384F8520384F83C33A4F81E
:10C308003E03A4F84003C8E738B51378012B044668
:10C318000BD0032B18D03BB9D0F8443313B1022308
:10C3280080F84C33C4F8441338BDD0F844230025B2
:10C338008A4218BF80F84C33C0F84453E43002F006
:10C3480087F884F85053EFE79378918880F83C3366
:10C35800042BD288A0F83E1318BF0023A0F840236E
:10C3680018BF80F85133DFE773B500240546264629
:10C3780095F8A830A3421BD9D5F8A43053F8243037
:10C38800BFF35B8F9A7CBFF35B8F7AB1D3F80A0057
:10C39800D3F80E106A4603C2BFF35B8F9E746A46D9
:10C3A80019462846BFF35B8FFFF7AEFF0134DFE77E
:10C3B80002B070BD90F8603037B504469BB1037A7F
:10C3C800022B10D00430019001F08DF894F8613000
:10C3D8000198002584F8605084F8BD501BB101F025
:10C3E800ADFA84F8615003B030BD10B5B0F898408C
:10C3F80000239AB2944209D9D0F8942032F8232025
:10C408008A4203F10103F4D1012010BD0020FCE7AA
:10C41800F0B5B0F8987000239CB2A7420DD9D0F8B7
:10C4280094509C0005EB83062C5B8C4203F10103BE
:10C43800F2D1336813600120F0BD0020FCE707B596
:10C4480001AAFFF7E5FF20B19DF8060003B05DF8EB
:10C4580004FBFF20FAE72DE9F0414B78013B86B059
:10C4680005461646082B00F20781DFE803F005129F
:10C47800193A487E88BAC4000123324601A9C4305B
:10C48800ADF8043001F0CFFC0446204606B0BDE804
:10C49800F0813146C43006B0BDE8F04101F0CDBCB2
:10C4A80090F87030D0F8B0008DF8043030B1B5F89D
:10C4B800B40018B105F1640000F025FFD5F8AC30E0
:10C4C8008DF80500003B18BF01238DF80630324671
:10C4D800002301A905F1C4008DF8073001F0DFFC45
:10C4E800D2E790F890308DF80430324690F88830D2
:10C4F8008DF8053001A9C43001F0B0FCC4E700F1A3
:10C50800C40701AA384601F0EDFC04460028BCD156
:10C518009DF80430EBB9D5F88C200AB90524B4E7A6
:10C528009DF8051095F890008842F7D902EBC100F4
:10C5380052F831200392426804928DF8083032464E
:10C548009DF805308DF8093002A9384601F090FCB5
:10C558009AE7012B40F09280D5F88420002ADDD09C
:10C568009DF8051095F88800DEE7B0F89830ADF82A
:10C578000430324601A9C43001F011FD84E700F10E
:10C58800C40702AA384601F0B4FC044600287FF428
:10C598007CAF2A8D3146384601F0DAFDBDF80860D7
:10C5A800B5F8982003909642B8D2BDF80A303344C3
:10C5B8009342B3DCD5F894300193BDF80830BDF848
:10C5C8000A201344B3427FF760AF0199039801EB47
:10C5D800860101F0FAFA039B1B7B002B50D1013630
:10C5E800EBE790F8A8308DF80430324601A9C43042
:10C5F80001F0DEFC48E700F1C40401AA204601F07E
:10C6080086FCD5F8A430002B88D095F8A820002AFD
:10C6180084D09DF80480904580D80FFA88F753F8A5
:10C62800270003681B689847D5F8A4308DF8088060
:10C6380053F827308DF809005A7F8DF80A2020B961
:10C648001A681846526890470390D5F8A43053F8F2
:10C6580027305A6972B10023D15C11B10133202B04
:10C66800FAD1059202A9324620468DF8103001F021
:10C6780058FC09E71346F4E7022406E7012404E717
:10C68800032402E7F0B54E78731E87B004461546BA
:10C69800042B00F28280DFE803F003183A566F009B
:10C6A80000F1C40601AA304601F0F9FC58B9E06E61
:10C6B8000390402103F0F6FA2A468DF8080002A9F3
:10C6C800304601F07CFC07B0F0BD00F1C40601AAB9
:10C6D800304601F0F9FC0028F5D1E368019A9A4246
:10C6E80001D00120EFE7BDF80810201D00F09CFEE6
:10C6F8000028F6D0E3680393BDF808302A46DB43E8
:10C7080003A93046ADF8103001F088FCDBE7B0F83B
:10C718008030ADF80630B0F87830ADF80430436EAC
:10C7280002934CF25033039303F5970303F5FE632A
:10C73800049304232A460DEB0301C4308DF814300A
:10C7480001F07CFCBFE700F1C40701AA384601F0FC
:10C75800CCFC0028B7D1237C0BBB201D01F0D6F8F8
:10C76800F8B1E3680393104B2A461B68029302A9A9
:10C77800384601F086FCA6E701AAC43001F0BFFCE8
:10C788000028A0D1237C002B9DD0E368019A9A420F
:10C79800A7D1012384F8613095E7022093E730465A
:10C7A80091E705208FE700BF3C010108D0F88430ED
:10C7B800F0B5ABB190F888600A4418460024A64248
:10C7C8000ED953F834508D4202D847688F4209D2A7
:10C7D800954202D84568954204D201340830EEE704
:10C7E8000020F0BD0120FCE713B50C4611461A469F
:10C7F8000193FFF7DBFF30B9019A204602F04CFFA6
:10C80800012002B010BD0020FBE7FF2A38B51D4605
:10C818000FD002F00F040123A3405A1ED2B2032AFC
:10C8280007D80A46DBB22946FFF7DEFF00B92860C1
:10C8380038BD0020FCE72DE9F04F2DED028B83B0C9
:10C848009846DDE90E3A03F1FF3908EE100A09EBC4
:10C858000800C00801300191144600F065FD064645
:10C868004FEAD900013000F05FFD0F2E1ABF46F0E5
:10C87800100B5FFA8BFB4FF0FF0B302C019905462C
:10C8880037D100280CBF3027FF270F2E1FBF06F017
:10C898000F0001228240D2B208BF002218EE100A0F
:10C8A800FFF784FF002840F08C800E9B002B00F0DF
:10C8B800888014F0EF0F01D0302C44D118EE100A04
:10C8C80053465A46FFF7A1FF00287AD0DEB99AF8F6
:10C8D800002042FA08F88AF80080C5BB01221146F8
:10C8E80015460E9B994220D005FA01F0024301310A
:10C8F800F7E7F02C05D00F2803D040EA0407FFB271
:10C90800C3E7FF27C1E7012E06D1BAF8002042FA93
:10C9180008F8AAF80080E0E7022E52D1DAF80020E1
:10C9280022FA08F2CAF80020D7E79AF80010D0B225
:10C938000A408AF8002034B952FA09F303D061EAB0
:10C9480000018AF80010109B01201F703FE0012DA4
:10C958001AD140F2FF1209210E9B994204D205FA1E
:10C9680001F002430131F7E7BAF8001090B20A402B
:10C97800AAF80020002CE6D152FA09F3E3D061EAC4
:10C988000001AAF80010DEE7022D1AD1124911227F
:10C9980001250E9B9A4204D205FA02F001430132A6
:10C9A800F7E7DAF8002002EA0100CAF80000002CD4
:10C9B800C9D130FA09F3C6D062EA0102CAF80020E8
:10C9C800C1E7109BFF2200201A70CAF8000003B0CC
:10C9D800BDEC028BBDE8F08FFFFF01008A88096873
:10C9E800FFF7E4BED0F88C30F0B5ABB190F89060AA
:10C9F8000A4418460024A6420ED953F834508D42F2
:10CA080002D847688F4209D2954202D845689542B4
:10CA180004D201340830EEE70020F0BD0120FCE725
:10CA28008A880968FFF7DEBFF0B54E78731E89B0B3
:10CA380004461746042B00F21081DFE813F00500C6
:10CA4800390039008F00D00000F1C405284601F0F4
:10CA580063FB228D02903946284601F061FB029B58
:10CA68000390DA7A12B1012009B0F0BD1A89238D3A
:10CA78009A4217D90320F7E704A900F08BFF029B1D
:10CA8800DB7A002BEFD104A92046FFF7A7FF08B1F6
:10CA98000620E9E7039804A901F029F8039B1B7B0A
:10CAA800002BE7D10298837A002BE5D00020DBE742
:10CAB80090F87030002BEBD0F31E5A4200F1C405F9
:10CAC8005A41284601F036FB228D06903946284601
:10CAD80001F034FB069B0790DA7A002AC3D11A8941
:10CAE800238D9A42C6D80698837A002BDED102A9F4
:10CAF80000F0AAFF069BDB7A002BB4D102A92046DE
:10CB0800FFF76CFF0028C3D102A92046FFF788FF72
:10CB180005460028BCD1079802A901F028F8032E81
:10CB280006D0BDF80C200499029802F0B5FDDAE7AA
:10CB38002846BDF80C2083B29A42D4D90599049AA4
:10CB4800029FD25C11F803C0FD5C62EA0C0102EAA4
:10CB58000C022A430A40FA540130EAE76430019192
:10CB680003F066FA002878D004F1C4050199284634
:10CB780001F002FB228D02903946284601F0F2FAB4
:10CB8800029B03905B7A002B7FF46DAF0298037AC7
:10CB9800002B8BD106A901F0BFF8029B5D7A002D0E
:10CBA8007FF461AF0028F1D0BDF8181004AA204620
:10CBB800FFF72EFC08B9052056E7D4F89C300498F6
:10CBC8002A4605A998470028F5D0059A039804A98C
:10CBD80001F025F8039B1B7B002BD7D04AE7D0F840
:10CBE800A030002B39D0D0F89430002B35D0B0F8D5
:10CBF8009830002B31D000F1C4050246284601F0D8
:10CC0800C9FA228D02903946284601F0B9FA029BEA
:10CC180003905B7A002B7FF426AF0298037A002BEF
:10CC28007FF444AF05AA04A901F0A2F8029B5A7A3E
:10CC3800002A7FF418AF0028EFD0D4F8A030049869
:10CC480005A998470028B6D0039804A901F028F848
:10CC5800039B1B7B002BE0D00CE7022004E7F0B518
:10CC6800054685B0D5F8AC7008461646B7B12B8D89
:10CC780001930DF10E0300930024936840784A88CD
:10CC8800ADF80E408968B847BDF80E302A8D9A4233
:10CC980026BFB3802046032005B0F0BD0220FBE785
:10CCA8002DE9F04FD0F8B03089B004460F46002B7C
:10CCB80000F06681B0F8B410002900F061817B783B
:10CCC800013B072B00F25881DFE813F0080014003D
:10CCD800BC00CA00D800E80009014C0104914FF4D7
:10CCE800005304A904F1C400ADF8143001F05CFA53
:10CCF800054698E0002384F85133D4F844333BB117
:10CD080094F8503313B9012384F84E33FF258AE091
:10CD180004F5827304AA394604F1C40001F0CDFA7F
:10CD2800054600287FD19DF8103094F8A8209A4233
:10CD380001D8052577E0D4F8A42052F8238098F884
:10CD48001D307BB394F89132019304F1640A2646AE
:10CD5800A3468146019B4B4513D99BF89822012A8B
:10CD680022D19BF8A002DBF89C12FF281DBF00F01F
:10CD78000F008240D2B200222046FFF717FD48B3C9
:10CD8800062594F884B24FF00009CB453BD996F8B4
:10CD9800043133BB96F80C21D6F808112046FFF76A
:10CDA80005FD60B306253EE0022A07D19BF8A112D3
:10CDB8009BF8A2220A44DBF89C12DDE7032A09D17A
:10CDC800504603F035F950B1BBF89C122046FFF7E6
:10CDD8000CFB20B109F101090BF10C0BBAE7052591
:10CDE800CFE7012B0BD1504603F022F90028A0D041
:10CDF800B6F808112046FFF7F8FA002899D009F18B
:10CE080001090C36C1E775B9BDF8122008F1040113
:10CE180004F1E40001F048FB94F8C832002B00F05C
:10CE2800AD80C4F848837B78022B07D16B1EDBB238
:10CE3800FD2B03D804F1E40001F00AFB284609B0F1
:10CE4800BDE8F08FD4F84433002B3FF472AF94F868
:10CE58005053002D7FF46DAF012384F84D33E2E782
:10CE6800D4F84433002B3FF464AF94F85053002DAA
:10CE78007FF45FAF012384F84F33D4E794F83C3351
:10CE88008DF81030B4F83E33059304A9B4F8403354
:10CE9800069304F1C40001F09BF929E794F83C33A8
:10CEA800042B7FF446AFB4F8FA32ADF81030B4F87A
:10CEB800FC32ADF81230D4F8D8320192DB8C0593ED
:10CEC80004F5367002F046F8B4F8FE320690019A7E
:10CED800079304A904F1C40001F091F908E7D4F814
:10CEE8004433002B3FF425AF94F83C33042B35D161
:10CEF80094F8515304F536765DB93046019202F044
:10CF080035F80123019A84F8513384F85253C4F850
:10CF18005453B4F8FA32ADF8103094F852338DF80F
:10CF2800123004F555730596069300260DF10F038C
:10CF380004A904F1C4008DF80F6001F086F994F893
:10CF48005233013384F85233054610B184F85163E3
:10CF580069E79DF80F30002BF8D164E7002384F8C7
:10CF68005133E6E6D4F84453002D7FF4C9AE04F1FA
:10CF7800E40001F06DFA56E7022554E7012552E76F
:10CF880002255BE7002310B5937093800B7813702C
:10CF98001446013B4A786270042B04D8DFE803F09A
:10CFA800080F131B17000223A3700023A38005E0BA
:10CFB8002246FFF750FAA0700028F6D110BD22468D
:10CFC800FFF760FBF7E72246FFF72EFDF3E722465F
:10CFD800FFF766FEEFE72246FFF741FEEBE790F822
:10CFE8004C3370B50446FBB9D0F84433EBB990F82C
:10CFF800F43080F83C33D0F8483383B1BFF35B8F0B
:10D008005B7ABFF35B8F03F0FF0543B9D0F84803A1
:10D01800012300F8083F03F016F8C4F8485300232A
:10D0280084F84D3384F84F3370BDBFF35B8F5B7A60
:10D03800BFF35B8F03F0FF05002BF5D190F84E632B
:10D048005EB1D0F8440300F8085F02F0FCFF01234A
:10D0580084F84E5384F85033E6E790F84D534DB1B9
:10D06800D0F84403022300F8083F02F0ECFF84F8EC
:10D078004D63D9E790F84F33002BD5D0D0F844034F
:10D08800032300F8083F02F0DEFF84F84F53CBE794
:10D09800F8B590F8BC300446061D53B9A0F86030C6
:10D0A800304600F0EAFB04F1E400BDE8F84001F086
:10D0B800CFB903680B440360304600F019FC2046E2
:10D0C800FFF752F92046FFF78AFF94F83E30D3B1B4
:10D0D80094F86070BFB9304600F078F9054602460A
:10D0E80004F12C012046FFF74DFFAB78FF2B25D12B
:10D0F80094F8BD20236884F860707AB9C4F8C03009
:10D10800012384F8BD302046FFF754F92046FFF785
:10D118002BF92046BDE8F840FFF761BFD4F8C020DE
:10D128009B1A0C4A9342EED90523AB702946304628
:10D1380000F0DBFA012384F86030E4E7FE2B4FF0BF
:10D14800010384F86030DED02946304600F0CDFA7D
:10D15800D9E700BF3F420F000023BFF35B8F437244
:10D16800BFF35B8FE431BFF35B8F8374BFF35B8FD7
:10D17800037781611846704737B5436819444160A1
:10D18800BFF35B8F437ABFF35B8F044633B3BFF3C0
:10D198005B8F837CBFF35B8F03F0FF01F3B9227AC7
:10D1A800BFF35B8F6172BFF35B8F0A30A369032AF9
:10D1B80014D8DFE802F045020C3DC3F81C420023F6
:10D1C800237769468DF8003002F044FF06E0D3F873
:10D1D8001C22944202D1184601F068FAA069D0F8DE
:10D1E8001C329C423ED101F03FFBBFF35B8FA37C16
:10D1F800BFF35B8FB3BBA069037C042B04F10A0562
:10D2080001D1227F2AB3032293428DF800208DF8A2
:10D21800023029D101F0A8FAADF80400A06901F0A4
:10D22800A9FAADF806006946284602F013FF19E08E
:10D23800D3F81C229442D1D1184601F040FACDE728
:10D24800D3F81C229442C9D10022C3F81C2201231E
:10D25800B7E70223694628468DF8003002F0FAFE47
:10D268000123237703B030BD0023ADF80430ADF8B7
:10D278000630D8E7016AFFF77FBFFFF77DBFFFF7EA
:10D288007BBF00000E4A826000230122C0E90E33F2
:10D298008361036183828383036280F8243083621D
:10D2A80080F82C30036383860360836443600273D1
:10D2B800036480F84430C364A0F850304365704775
:10D2C8006502010808B5FFF7DDFF08BD8361BDF8F9
:10D2D80000300161828283837047016280F82420D4
:10D2E8007047816280F82C2070478363009B01633C
:10D2F8008286C3637047016480F844207047C16424
:10D30800A0F85020704790F844100023DAB29142F8
:10D3180008D9026C52F82320527F0133002AF5D035
:10D32800104670470022FBE701280CD902280CD0D0
:10D3380004280CD908280CD910280CD9212834BF66
:10D3480005200F20704700207047012070470220F9
:10D3580070470320704704207047FF281AD000F058
:10D368000F0201239340DBB25A1E032A12D800F0A1
:10D37800F002302A04D1012B14BF0020012070478D
:10D38800202A01D1042BF7E710F0E00F0CBF012091
:10D39800002070470020704770B50B4ED2430144FF
:10D3A80088420FD010F8014B082384EA020515F0D3
:10D3B800010F4FEA520218BF7240013B4FEA540472
:10D3C800F3D1EDE7D04370BD2083B8ED0023A0F87A
:10D3D800443080F84630A0F848304430704708B5EB
:10D3E80090F82830022B0FD190F82930012B0BD15F
:10D3F800438D032B08D9016B0448042202F01AF963
:10D40800B0FA80F0400908BD0020FCE7400101089F
:10D4180090F82830022B05D190F82900031F5842B4
:10D428005841704700207047037B63B1437953B17B
:10D43800828A8A4201D1827D3AB9012282750268C4
:10D44800126802618182184670470023FBE703795E
:10D45800022B01BFB0F85430B0F85600181A80B249
:10D4680018BF0020704713B503788DF8043043784F
:10D478008DF8053043888DF807301A0A04210446D0
:10D488008DF806200DEB01000022FFF785FF61886B
:10D498000246A068FFF780FFE3681B1A584258410C
:10D4A80002B010BD8B88828C9A4213B50C4618D3F3
:10D4B8000A788DF800204A788DF801208A788DF84E
:10D4C80002201A0A8DF803200521002268468DF8EB
:10D4D8000430FFF761FFA1880246A068FFF75CFFF0
:10D4E800E06002B010BD00230268836203871268FF
:10D4F8000264027980F83A30012A08BF0371704744
:10D50800037B10B504465BB9FFF769FF40B92046B5
:10D51800FFF77EFF20B92046BDE81040FFF7E3BFC4
:10D52800052384F83830012384F83A3010BD2DE9FA
:10D53800F84F437904460E46904623B9022380F8F3
:10D548003930BDE8F88F0379022BFAD08AB1036825
:10D55800026C1B689B1A5C4A934203D9FFF7C3FF0E
:10D568000023037123681B68236423790BB9012303
:10D5780023710025A94604F1280B4FF0040A4545FC
:10D58800DFD294F83A30002BDBD194F83830062BF0
:10D59800D7D0042BF3D8DFE803F003131E45670048
:10D5A8007257735D002A03DA40F206332387E6E7F1
:10D5B80084F82830012384F838301D44ADB2DEE702
:10D5C800735D84F829300135022384F83830ADB210
:10D5D80084F83C90D3E794F83C20735DBAB9A8EB83
:10D5E8000502012A4FEA03230CDD7219023552782D
:10D5F80013436385638DADB273B984F83C3084F806
:10D6080038A0BCE76385012384F83C30D5E7628DF8
:10D61800134363850135EDE70323A4F83C9084F8B0
:10D628003830ACE7628DA38B934202D24FF48373F8
:10D63800BCE7A08FA369A8EB0507121ABFB292B284
:10D64800974228BF17463A467119184402F024F841
:10D65800A38F628D3B449BB23D449A42A387ADB2EF
:10D668008DD884F83C90CAE794F83C304BB9735D88
:10D678001B06636394F83C30013384F83C30013571
:10D688009CE7012B04D1725D636B43EA0243F0E728
:10D69800022B04D1725D636B43EA0223E9E7032B93
:10D6A800E8D1725D636B84F8049013436363584652
:10D6B800FFF7D9FE18B12046FFF722FFDAE7204628
:10D6C800FFF711FFD6E700BF1FA10700027900236B
:10D6D800022AA0F8443080F84630A0F84830436564
:10D6E80080F8583008BF0371704770B5457900233A
:10D6F800044680F8583025B9032380F85830284666
:10D7080070BD067926B1022280F858201D46F6E73A
:10D718008A88838C934206D2FFF7D8FF012380F8CA
:10D7280058303546EBE70B7863F07F0380F84430D8
:10D738004B7880F845308B7880F846308B68C36426
:10D74800A0F8482000F14401FFF7ACFEB4F84830D7
:10D758000933A4F8543002232371D0E70379022B4C
:10D768002DE9F04104460E4675D1B0F85670B0F870
:10D778005430DB1B9FB2974228BF174600200A4649
:10D78800B4F85630042B85B267D8BD4267D253B976
:10D7980094F844301370B4F856300133A4F8563076
:10D7A80001300132ECE7012B02D194F84530F1E762
:10D7B800022B02D194F84630ECE7B4F84810032B5A
:10D7C80008BF090A1170E6E7B4F84820591F89B262
:10D7D8008A4217D9511DCB1AA7EB05081FFA88F8FA
:10D7E8009BB29845E16C28BF9846D31A1944424623
:10D7F800304401F051FFB4F8562045449044ADB28E
:10D80800A4F85680B4F8483005339AB22E44511C17
:10D81800901C02F1030CBD42B4F856301FD29A4254
:10D828000BD194F853303370B4F8563001350133C6
:10D83800A4F85630ADB20136EDE78B4202D1B4F808
:10D848005230F0E7834202D1236D1B0AEBE76345B0
:10D8580005D1236DE7E700250CE0BD42B4D3B4F849
:10D868005620B4F854309A4204D32046FFF72EFFCE
:10D87800FFF739FE2846BDE8F08100220271828256
:10D88800827582600273427908B542B102681268F3
:10D898000261FFF728FEBDE80840FFF717BF08BD83
:10D8A80070B482838285203ABDF80C400362C36459
:10D8B80092B24FF6CF739A4294BF01230023848417
:10D8C800A0F84A40203C049D4371A4B24FF6CF73A0
:10D8D8009C420560054D059E2E6088BF002370BCE4
:10D8E8008161016388BF4371FFF7C7BF448200208D
:10D8F800027B42B1026803691268D31A024A934252
:10D9080001D9FFF7BABF70477FF0FA02417970B5C5
:10D9180071B1027B72B9084D82752C680268846007
:10D92800661C2E601268026101240473FFF7DBFD98
:10D93800084670BD0021FBE74482002008B500229C
:10D94800826002738275FFF7CEFDBDE80840FFF7DD
:10D95800BDBE00BF10B5C4880023E21A92B2052AE2
:10D9680002D80123C37210BD026801891A44063126
:10D978009288063352BA11FA82F29C420281ECD1A3
:10D98800F1E78A6802604A88C28000228280826049
:10D99800FFF7E0BF837A37B504460D4653B9C37A1B
:10D9A80043B98288C3889B1A9BB2052B04D840F2DE
:10D9B8000113438103B030BD006801A9104401F090
:10D9C800E4FBA38821681A1D92B2A2808A5A0199A1
:10D9D80006339BB252BAA380AA80E28829609A4291
:10D9E80004BF0123A372E5E70023838083607047A7
:10D9F80010B5C1880023CA1A92B2052A02D8012399
:10DA0800C37210BD1A1D046892B20633A25A52BAE4
:10DA1800134494B2027B9BB20AB123449BB299424D
:10DA2800EDD3028902F106020281E4D1E9E710B4DC
:10DA38008C684988027300220460C1805DF8044B39
:10DA480082808260FFF7D4BF837AF7B504460D461B
:10DA580053B9C37A43B98288C3889B1A9BB2052BF2
:10DA680004D840F20113638103B0F0BD006801A936
:10DA7800104401F08AFBA3882268E788191D89B23F
:10DA8800A180515A06339BB249BAFE1A88B2B6B27F
:10DA98008642A380E5D394F80CC0BCF1000F02D0F5
:10DAA800B6EB400FDDDB019E2E60D61803449BB217
:10DAB800AE60A380BCF1000F0AD01A440344EA60A8
:10DAC800A380A388A980BB4204BF0123A372CBE72C
:10DAD800C5F80CC0F5E700238380836070478B6826
:10DAE8004281C0E9003100230381037370478B88AA
:10DAF8004FF6E972934270B504460D4602D90123E8
:10DB0800237370BD018942890633521A92B29BB2BF
:10DB18009A42F4D303682868194401F044FB238926
:10DB280022681844AB8880B211181E0A2081165446
:10DB38004B7023892068AA88296802339BB2238105
:10DB4800184401F0A9FDAA882389134462689BB28E
:10DB580023819380D5E700230381037370478B6883
:10DB68004281C0E90031002303810373704738B54F
:10DB7800028943899B1A9BB2052B04460D4602D89D
:10DB88000123037338BD01682868114401F00BFBB9
:10DB9800238922681844AB8880B211181D0A208195
:10DBA80015544B702389626802339BB2238193809A
:10DBB800E8E700230381037370478B684281C0E95B
:10DBC80000310023038103737047028943899B1A3C
:10DBD8009BB2022B70B502D80123037370BD0B886A
:10DBE80004681E0AA518A6546B7003890268897810
:10DBF80002339BB20381D1540389426801339BB23B
:10DC080003819380EAE700230381037370478B68DD
:10DC18004281C0E90031002303810373704773B563
:10DC28000446084689780192FF291EBF01F00F01BA
:10DC3800012303FA01F12289638914BFC9B20021C3
:10DC48009B1A8D1C9BB29D4203D90123237302B0FA
:10DC580070BD4B1E012B01D90429F8D10388206817
:10DC68001E0A851886546B702389226802339BB27A
:10DC780023811A4401A801F098FA2389184463689B
:10DC880080B220819880E2E7002303810373704704
:10DC98008B684281C0E90031002303810373704718
:10DCA8008A78FF2A1EBF02F00F02012303FA02F24C
:10DCB80070B543890489A3EB04039BB214BFD2B2A5
:10DCC8000022022B02D80123037370BD0B88016860
:10DCD8001E0A0D190E556B700389016802339BB239
:10DCE8000381CA540389426801339BB2038193803C
:10DCF800EBE70023038103737047C388DB0744BF46
:10DD08000123437270478A6802604A88C2800022F1
:10DD180082800281FFF7F1BF0346007A10B5C0B9CF
:10DD28005A7A32B99C88DA88121B012A02DC01224D
:10DD38005A7210BD1A68125B52BA0A809A88D9883A
:10DD4800023292B291429A804FF00100F1D11872DA
:10DD5800EFE70020EDE700238380038170478B689D
:10DD680003604B88C3800023C260838003817047AF
:10DD78002DE9F843077A04460E46904657B9457A86
:10DD8800002D3AD18388C088C01A80B2012803D8F0
:10DD980001236372002730E02268E068D15A023319
:10DDA80049BAA380324689B2FEF732FB07460028FB
:10DDB800EED0B678B4F80690FF2E1DBF06F00F0619
:10DDC800012505FA06F62E46A588A9EB050318BF16
:10DDD800F6B29BB29E42DBDC022E11D0042E15D087
:10DDE800012E1AD123685B5D88F800303544ADB246
:10DDF800A945A58001D1012323723846BDE8F883DF
:10DE080023685B5B5BBAA8F80030EFE7206828441A
:10DE180002F034F9C8F80000E8E70027E6E7002335
:10DE28008380038170470223938093680878187071
:10DE380093684A785A700020704710238B80064BED
:10DE48008A6803F1100153F8040B42F8040B8B4263
:10DE5800F9D10020704700BFF801010893680878DD
:10DE6800187093684978597002239380002070478E
:10DE780038B5936814460A781A70A3684A785A70B5
:10DE88000D46A1686868023101F084F9A168A868A4
:10DE9800063101F07FF90A23A380002038BD93687A
:10DEA800002018700B7823B19068037863F07F0323
:10DEB80003704B7823B19068037843F040030370F4
:10DEC8008B7823B19068037843F020030370CB78F4
:10DED80023B191680B7843F010030B7001239380F2
:10DEE800002070478B68197811705B785370002098
:10DEF80070474B88042B08D189680B885BBA13805C
:10DF08004B885BBA538000207047012070474B88CC
:10DF1800012B01BF8B681B781370002018BF0120EC
:10DF28007047F8B5936814460A781A70A3684A7857
:10DF38005A70A36800229A708B780D4623B1A268A4
:10DF4800937863F07F0393706B781BB1012B24D017
:10DF58000520F8BDE388062B01D80320F9E7A1685E
:10DF68006868033102F081F8033083B2297AE788C0
:10DF780020290A4603F1010628BF2022B0B212FA6E
:10DF880086F6BE42E9DCA768F954A368E968184434
:10DF980001F082FBA6800020DBE70323E6E709887F
:10DFA8009368080A187059700223938000207047FC
:10DFB800936809781970012393800020704770B521
:10DFC80013460A78402A28BF402202F11300C4B23F
:10DFD800202C204602D9DC8884421AD3988098687D
:10DFE800012404709868002444709C680A4802342C
:10DFF80000F1100550F8046B44F8046BA842F9D1FD
:10E008009868827498684968133001F045FB0020CD
:10E0180070BD0320FCE700BFF801010838B50D46C4
:10E028000623144691689380286802F01EF8AA888F
:10E03800A368110A19715A71002038BD38B5144601
:10E04800112393800A88A3680D46110A19705A7023
:10E058006A88A368110ADA709970A168686804313F
:10E0680002F003F8A168E868083101F0FEFFA16832
:10E07800A8680C3101F0F9FFA3682A7C1A74002003
:10E0880038BD08B50B46082191809168186808606A
:10E0980091685868043101F0E8FF002008BD08B510
:10E0A8000B4611465A88042A09D19B6805481B6803
:10E0B8000B6001F0BFFA003818BF012008BD01202D
:10E0C800FCE700BF4001010838B54B88062B144611
:10E0D80009D18D68284601F0D1FF2060AB885BBA72
:10E0E800A380002038BD0120FCE74B88042B01BF2A
:10E0F8008B681B681360002018BF012070474B888D
:10E10800042B10B5144605D1886801F0B7FF2060CC
:10E11800002010BD0120FCE708B5FFF732FC08BD60
:10E1280000238B8042838A680383C0E90421037734
:10E138001030704708B5FFF77AFC08BD00238B80C4
:10E1480042838A680383C0E904210377103070474B
:10E1580000238B8042838A680383C0E90421037704
:10E168001030704700238B8042838A680383C0E99C
:10E17800042103771030704708B5FFF7C4FD08BDC8
:10E1880000238B8042838A680383C0E904210377D4
:10E198001030704710B58C684988C260002204604E
:10E1A800C1808280028110BD38B50D461446916841
:10E1B800286801F05AFFA2682979115483B25A1CC1
:10E1C800A168687992B202338854A380002038BDD0
:10E1D80070B514460A78A3681A700D46A168686875
:10E1E800013101F042FFA168013086B211FA80F1D5
:10E1F800A86801F03AFF3044A080002070BD70B5D7
:10E2080014460A88A3680D46110A19705A706A885C
:10E21800A368110A9970DA70A1686868043101F07E
:10E2280024FFA168043086B211FA80F1A86801F0D1
:10E238001CFFA168304486B211FA80F1E86801F049
:10E2480014FF3044A080002070BDF8B51E4600239E
:10E258003370936814468A785A700A88A3680D4602
:10E26800110A9970DA70E288A1686868043A92B273
:10E27800043100F021FEAF68031D0146A068A380A9
:10E288003A680430FFF788F86B6838609B797BB18F
:10E29800E388A288033B93420ADDAB68A16818684B
:10E2A800114401F0E2FEA3880433A38001233370F4
:10E2B800A36832781A700020F8BD2DE9F8431D468E
:10E2C8004B880F2B0E4601D801203AE08C68237842
:10E2D8001370B4F801305BBA5380B4F803305BBAFA
:10E2E800A5F88231637985F88431A01D01F0C6FE56
:10E2F800C5F88801A37A85F88C3104F10B0001F088
:10E30800BDFEC5F89001E37B85F88D31042B17D845
:10E3180005F5CC774FF00009102495F88D317188F8
:10E328004B454ED98C42CFD2B268105D07F8040C29
:10E33800631C9BB20328C7D8DFE800F0051A2A122D
:10E348000320BDE8F883181D8142BDD3D01801F021
:10E3580095FE05343860A4B209F101090C37DCE7F1
:10E36800981C8142B0D3D35A5BBA3B800334F2E79E
:10E37800581D8142A8D3A01CD35C3B711FFA80F8BA
:10E38800394612FA80F000F000FF404484B2E3E717
:10E39800581D814298D3D35C3B71A01C1FFA80F8AA
:10E3A800394612FA80F000F0F0FE4044B26883B2B9
:10E3B8009C1CD15C797101339BB2A4B2D35CBB7154
:10E3C800CAE7621C9142FFF47FAFB3681B5D85F812
:10E3D8008031202B92B2B3D82F1D4FF0000895F84A
:10E3E8008011738841452FD9501C8342FFF46CAFCC
:10E3F800D6F808C01CF8021007F8041C012984B2DA
:10E4080018D0022911D000297FF45EAF063293425A
:10E41800FFF45AAF3946604400F0B7FE2044B368B1
:10E4280080B2421C1B5C3B7194B208F101080C37A6
:10E438002246D4E703329342FFF446AF3CF800305B
:10E448005BBA3B8094B2F0E7D01A18BF012078E796
:10E458000023C0E90533037480F82032C0F8243261
:10E46800C0F8543280F8E4310377A0F81432A0F8E9
:10E478001A32704737B504460025C56001608380AD
:10E488000698A060009304F5F4701346C4F81C5273
:10E4980004F1200200F062FE2046A4F81652FFF7AD
:10E4A800D7FF284603B030BDF8B52DED028BFFF736
:10E4B800CFFF012380F8E43190F8A03190F8AD51F6
:10E4C800C160013B1F2B84BF002380F8E431042D79
:10E4D80084BF002380F8E43190F8AC31A0F818220A
:10E4E8000446082B2ED8DFE803F00515181B1E215B
:10E4F80024272A0000F51273C4F85432D4F85402C1
:10E5080003689B689847854224D0002384F8E43147
:10E518000523C5E000F50A73EEE700F50B73EBE79A
:10E5280000F50E73E8E700F50F73E5E700F50C73E7
:10E53800E2E700F50D73DFE700F51073DCE700F59F
:10E548001173D9E700F51273C0F85432002380F82C
:10E55800E431D3E794F8E431002BD9D09FED528A07
:10E5680000270C2694F8AD31FDB2AB425CD906FB0E
:10E57800054393F8B4216AB9D3ED6E7AF0EEE77AE1
:10E58800F4EE487AF1EE10FA02D9002384F8E43167
:10E598000137E7E7032A15D12068D0F89C302BB162
:10E5A800D0F8943013B1B0F8983013B9002384F838
:10E5B800E43106FB0545B5F8B811FDF716FF00284C
:10E5C800E6D1E2E7012A04D193F8BC01FEF7C5FEC3
:10E5D800F5E7022AD9D193F8BD21072A03D893F881
:10E5E800BE31082B02D9002384F8E43106FB054329
:10E5F80093F8BC01FEF7B1FE08B984F8E40106FB04
:10E60800054595F8BE3195F8BD11194495F8BC310A
:10E61800FF2B1FBF03F00F0201239340DBB208BF9B
:10E6280000239942B1DCB3E700250C262F4694F865
:10E63800A021EBB29A421FD906FB034292F8202090
:10E64800012A15D12068D0F89C202AB1D0F894204E
:10E6580012B1B0F898200AB984F8E47106FB0343B4
:10E66800998CFDF7C2FE08B984F8E4710135DEE73C
:10E6780012F0FD0FF8D1F9E794F8E431002B3FF4DC
:10E6880047AFD4F85402E368C4F80032036804F5CD
:10E6980013711B68984704F5F47000F000FD01231E
:10E6A800BDEC028B2374F8BDFFFF7F7F037C012B39
:10E6B80002D0033B012B01D8022303747047037C6B
:10E6C800023B022B9CBF012303747047B0F806324B
:10E6D800B0F80C2270B513FB02F30383C36890F8FB
:10E6E800A4511B6843610023A0F80A328388C5F14E
:10E6F800FF0585FB035390F81032C5F30F25044638
:10E70800458343B900F5F476304600F031FD854283
:10E7180007D9608B6083A388628B9A4288BF638322
:10E7280070BD304600F024FDF4E7037C042B19D0BB
:10E73800032B15D1D0F8A8212AB1C36841691B68F9
:10E748005B1A9A420ED9B0F80A32B0F80C22408B04
:10E7580013FB02F39BB2834234BF002001207047B1
:10E768000020704701207047037C032B0CBF408BAF
:10E7780000207047037C032B01BFB0F80A32B0F8C1
:10E788000C0213FB00F080B218BF00207047B0F8ED
:10E798001432B0F8A22101339BB29A4210B5044654
:10E7A800A0F8143208D8D0F81C1200F5F47000F064
:10E7B800F3FB0023A4F8143210BD2DE9F047037CC5
:10E7C800022B88B0044607D1D0F8540203689B682E
:10E7D80098470428064601D9002522E0257FDDB99F
:10E7E80004F5DA77AA46AE421FD004AB03EB8509DD
:10E7F80003AB03EB050839462068CDF800A0434673
:10E808004A4600F017FD0C370028E5D04946404637
:10E8180000F0F1FC0135E6E700222277012284F8B6
:10E828002022284608B0BDE8F087D4F854020368CF
:10E8380003AA5D6804F5137104ABA84790B1E368B7
:10E8480094F820221B680AB9C4F82432D4F8242288
:10E858009A1AD4F8B03193428CBF0025012584F868
:10E868002002DEE70546FAE7037C013B022B10B5E0
:10E87800044604D890F8113213B10523037410BD6F
:10E88800FFF785FF237C022B1CD12046FFF795FF5D
:10E89800C0B1A36803B198472046FFF717FF0323C9
:10E8A80023742046FFF741FF0028E8D0B4F8163259
:10E8B8000133A4F8163204232374B4F80A32A4F8F6
:10E8C8001A32DCE7237C032BD9D1EAE750782228D7
:10E8D80010B51AD1D3ED017A087900285BD01278E7
:10E8E800122A25D1BDEEE77A0C681A6817EE100ACD
:10E8F800F5EEC07AF1EE10FA204414DB824294BFA0
:10E90800002001201B680B6010BD122804D1D3ED34
:10E91800017AF8EE677ADFE7022841D1D3ED017A70
:10E92800F8EEE77AD8E782422CBF00200120E9E719
:10E93800022A15D1BDEEE77A0C681A6817EE100A9C
:10E94800F5EEC07AF1EE10FA204404DB8242D4BF1F
:10E9580000200120D6E78242ACBF00200120D1E789
:10E96800222A1BD1D1ED006A93ED007AF5EEC07A28
:10E9780077EEA67AF1EE10FAB4EEE77A05DBF1EE5F
:10E9880010FACCBF01200020BCE7F1EE10FA4CBF12
:10E9980001200020B6E701220A71B3E70020B1E7A1
:10E9A8000020B1E71FB5013A01A903F10C0412F8E0
:10E9B800010F122829D1D3ED007AF8EE677AC1ED5C
:10E9C800007A0433A34201F10401F0D19DED027AEB
:10E9D800DDED017A77EEC77A9DED037AF5EEC07A20
:10E9E800F1EE10FAB5EEC07AB8BFF1EE677AF1EE43
:10E9F80010FAB8BFB1EE477AF4EEC77AF1EE10FA22
:10EA080094BF0120002004B010BD022804D1D3ED2A
:10EA1800007AF8EEE77AD2E7222802D1186808606F
:10EA2800CFE70020EFE7012070471178222920D195
:10EA38005278222A0BD193ED007AD3ED017AB4EE05
:10EA4800677AF1EE10FA0CBF012000207047022A05
:10EA580008D1D3ED017AF8EEE77A93ED007AF4EE77
:10EA6800477AEEE7122A38D1D3ED017AF8EE677AC1
:10EA7800F3E7022918D15278222A06D1D3ED007A79
:10EA8800F8EEE77A93ED017AE9E7022A02D1D3E9B1
:10EA9800000307E0122A20D1D3E90003002BB8BFF6
:10EAA8006FF00043984212E0122916D15278222AB8
:10EAB80004D1D3ED007AF8EE677AE3E7022A0AD1A7
:10EAC8001A685868002AB8BF6FF00042904214BF15
:10EAD800002001207047122AD9D0002070471178F1
:10EAE800222920D15278222A0BD193ED007AD3ED36
:10EAF800017AB4EE677AF1EE10FA14BF0120002013
:10EB08007047022A08D1D3ED017AF8EEE77A93ED3F
:10EB1800007AF4EE477AEEE7122A37D1D3ED017A7C
:10EB2800F8EE677AF3E7022918D15278222A06D13B
:10EB3800D3ED007AF8EEE77A93ED017AE9E7022A55
:10EB480002D1D3E9000307E0122A1FD1D3E9000359
:10EB5800002BB8BF6FF00043C01A12E0122915D17C
:10EB68005278222A04D1D3ED007AF8EE677AE3E7E7
:10EB7800022A09D11A685868002AB8BF6FF0004203
:10EB8800801A18BF01207047122ADAD00020704777
:10EB9800117822291ED15278222A0BD193ED007ABE
:10EBA800D3ED017AB4EEE77AF1EE10FACCBF01208A
:10EBB80000207047022A06D1D3ED017AF8EEE77AF1
:10EBC80093ED007AEEE7122A44D1D3ED017AF8EEFC
:10EBD800677AF5E702291DD15278222A08D1D3EDA8
:10EBE800007AF8EEE77A93ED017AF4EEC77ADBE77C
:10EBF800022A06D1D3E900039842D4BF002001209D
:10EC08007047122A26D1D3E90003002BB8BF6FF052
:10EC18000043F1E712291DD15278222A04D1D3EDFD
:10EC2800007AF8EE677ADEE7022A0AD11A6858688D
:10EC3800002AB8BF6FF000429042ACBF002001200C
:10EC48007047122A06D1D3E90003984294BF0020E6
:10EC58000120704700207047117822291ED1527870
:10EC6800222A0BD193ED007AD3ED017AB4EEE77A3C
:10EC7800F1EE10FAACBF012000207047022A06D13D
:10EC8800D3ED017AF8EEE77A93ED007AEEE7122AEF
:10EC980044D1D3ED017AF8EE677AF5E702291DD160
:10ECA8005278222A08D1D3ED007AF8EEE77A93ED6C
:10ECB800017AF4EEC77ADBE7022A06D1D3E900032A
:10ECC8009842B4BF002001207047122A26D1D3E908
:10ECD8000003002BB8BF6FF00043F1E712291DD1E4
:10ECE8005278222A04D1D3ED007AF8EE677ADEE76B
:10ECF800022A0AD11A685868002AB8BF6FF0004281
:10ED08009042CCBF002001207047122A06D1D3E9D7
:10ED18000003984234BF002001207047002070474C
:10ED2800117822291ED15278222A0BD193ED007A2C
:10ED3800D3ED017AB4EEE77AF1EE10FA4CBF012078
:10ED480000207047022A06D1D3ED017AF8EEE77A5F
:10ED580093ED007AEEE7122A44D1D3ED017AF8EE6A
:10ED6800677AF5E702291DD15278222A08D1D3ED16
:10ED7800007AF8EEE77A93ED017AF4EEC77ADBE7EA
:10ED8800022A06D1D3E900039842ACBF0020012033
:10ED98007047122A26D1D3E90003002BB8BF6FF0C1
:10EDA8000043F1E712291DD15278222A04D1D3ED6C
:10EDB800007AF8EE677ADEE7022A0AD11A685868FC
:10EDC800002AB8BF6FF000429042D4BF0020012053
:10EDD8007047122A06D1D3E9000398422CBF0020BD
:10EDE8000120704700207047117822291ED15278DF
:10EDF800222A0BD193ED007AD3ED017AB4EEE77AAB
:10EE0800F1EE10FA94BF012000207047022A06D1C3
:10EE1800D3ED017AF8EEE77A93ED007AEEE7122A5D
:10EE280044D1D3ED017AF8EE677AF5E702291DD1CE
:10EE38005278222A08D1D3ED007AF8EEE77A93EDDA
:10EE4800017AF4EEC77ADBE7022A06D1D3E9000398
:10EE58009842CCBF002001207047122A26D1D3E95E
:10EE68000003002BB8BF6FF00043F1E712291DD152
:10EE78005278222A04D1D3ED007AF8EE677ADEE7D9
:10EE8800022A0AD11A685868002AB8BF6FF00042EF
:10EE98009042B4BF002001207047122A06D1D3E95E
:10EEA800000398428CBF0020012070470020704763
:10EEB80000220160426070472DE9F84F036893F81B
:10EEC800295004468A469146002D41D19A8CDF8B01
:10EED800B3F81C80838817FB02F7BFB218FB02F84F
:10EEE800BB421FFA88F807D1C37923B10123A37164
:10EEF8002846BDE8F88F1D464FF0010B4D45F7D267
:10EF0800A388BB4234BF3A464246D21AA9EB05064B
:10EF1800B1B296B222688E4228BF0E4611680AEB3B
:10EF280005001944324600F0B7FBA38884F807B0FF
:10EF380033449BB23544BB42A380ADB204D94345A8
:10EF4800DCD3A3EB0803A380A388BB42D6D1CDE7CB
:10EF58000025CDE7036893F829202AB9D88C9B8C23
:10EF680010FB03F080B2704700207047026800234E
:10EF7800C380138C928C13FB02F3838070470022AA
:10EF8800C0E90220C0E90422C0E90622C0E908223B
:10EF980002608280028570472DE9F347884690F821
:10EFA80029100446002977D1C28B038C9A4209D1D3
:10EFB80090F8283033B1531C9BB20384808B98425D
:10EFC80098BF2184A58C15FB02F5ADB200274FF040
:10EFD8000C09A36893F88021BA4248D909FB07F6BF
:10EFE800981913F806A0BAF1000F0DD12168037A19
:10EFF800426860692944FDF7F7FBA36833441B7A2C
:10F008001D44ADB20137E4E7BAF1010F1FD1818881
:10F0180060696A46FDF7FCF99DF802300098FF2BFD
:10F0280018BF03F00F06636918BF0AFA06F6D3F88B
:10F038009C30424601A914BFF6B2002698472268C0
:10F0480031462A4401A800F0B0F83544D9E7BAF1AE
:10F05800020FD7D1A36921681B684A19180E4855B1
:10F06800190C5170190A9170D3700435C9E794F8D6
:10F07800283013B9E38C0133E384E38BA28B01338B
:10F088009BB29A42E3839FBF012384F82830002370
:10F09800E383638C0133638402B0BDE8F087002307
:10F0A8002DE9F341C0E90733436203850368044649
:10F0B8000BB1838813B9012384F8293000260C2763
:10F0C800A36893F88021B24237D994F82950002DCB
:10F0D80033D107FB06F2991813F80280B8F1000F34
:10F0E80006D1087A78B9012384F829300136E7E790
:10F0F800B8F1010F1CD18988606901AAFDF788F968
:10F1080028B984F82980A38C1844A084EEE79DF8D8
:10F118000600FF281DBF00F00F0008FA00F0C0B27B
:10F1280028460028EFD194F82930002BEBD1DAE7F4
:10F13800B8F1020FD7D10420E5E7A28C52B1A38819
:10F14800B3FBF2F3A38304F10C0002B0BDE8F04175
:10F15800FFF70CBF012384F82930F4E730B4BDF879
:10F1680008508580416130BC82600360FFF797BF1B
:10F1780090F828303BB9838BC28B808C9B1A10FB8C
:10F1880003F080B270470020704703681BBA0B6019
:10F1980004207047030AC8708B70030C000E0870B7
:10F1A8004B7004207047FFF7F5BF022907D00429E8
:10F1B8000AD0012911D103781370084670470388D3
:10F1C8005370180A1070F8E70368D370180E10709F
:10F1D800180C5070180A9070EFE70021EDE7FF292E
:10F1E8001FBF01F00F01012303FA01F1C9B208BFE3
:10F1F8000021FFF7DABF0378102B08D003D853B1EA
:10F20800012B0ED07047112B10D0302B08D11223B0
:10F2180003700B7803E00223037091F900300B6050
:10F22800704702230370B1F90030F8E71223037026
:10F238000B88F4E7F0B51E460B7887B007460C46F6
:10F24800154633B94B68136022233370012007B089
:10F25800F0BD032B0ED1898805AAFDF7D9F8D7F898
:10F268009C300C9A0598294698479DF816303370BB
:10F2780058B1ECE7012B06D113460A7A4968FDF725
:10F28800C4FA237AF3E7022B04D000202223286053
:10F298003370DCE70A7ACDE901568B7A00934B7A12
:10F2A800496802F0F002FDF7C6FAE1E753B94AB936
:10F2B800002908BF00281CBF4FF0FF314FF0FF3076
:10F2C80000F074B9ADF1080C6DE904CE00F006F851
:10F2D800DDF804E0DDE9022304B070472DE9F047CA
:10F2E800089D04468E46002B4DD18A42944669D922
:10F2F800B2FA82F252B101FA02F3C2F1200120FA05
:10F3080001F10CFA02FC41EA030E94404FEA1C4852
:10F31800210CBEFBF8F61FFA8CF708FB16E341EA4E
:10F32800034306FB07F199420AD91CEB030306F1D4
:10F33800FF3080F01F81994240F21C81023E6344F5
:10F348005B1AA4B2B3FBF8F008FB103344EA034499
:10F3580000FB07F7A7420AD91CEB040400F1FF33AE
:10F3680080F00A81A74240F207816444023840EAEB
:10F378000640E41B00261DB1D4400023C5E9004324
:10F388003146BDE8F0878B4209D9002D00F0EF80A7
:10F398000026C5E9000130463146BDE8F087B3FADA
:10F3A80083F6002E4AD18B4202D3824200F2F980C2
:10F3B800841A61EB030301209E46002DE0D0C5E9C5
:10F3C800004EDDE702B9FFDEB2FA82F2002A40F011
:10F3D8009280A1EB0C014FEA1C471FFA8CFE012614
:10F3E800200CB1FBF7F307FB131140EA01410EFBB8
:10F3F80003F0884208D91CEB010103F1FF3802D25F
:10F40800884200F2CB804346091AA4B2B1FBF7F058
:10F4180007FB101144EA01440EFB00FEA64508D97B
:10F428001CEB040400F1FF3102D2A64500F2BB80B8
:10F438000846A4EB0E0440EA03409CE7C6F1200707
:10F44800B34022FA07FC4CEA030C20FA07F401FA4D
:10F4580006F31C43F9404FEA1C4900FA06F3B1FBD6
:10F46800F9F8200C1FFA8CFE09FB181140EA01413B
:10F4780008FB0EF0884202FA06F20BD91CEB0101D8
:10F4880008F1FF3A80F08880884240F28580A8F130
:10F4980002086144091AA4B2B1FBF9F009FB101182
:10F4A80044EA014100FB0EFE8E4508D91CEB010120
:10F4B80000F1FF346CD28E456AD90238614440EAC3
:10F4C8000840A0FB0294A1EB0E01A142C846A64643
:10F4D80056D353D05DB1B3EB080261EB0E0101FACC
:10F4E80007F722FA06F3F1401F43C5E90071002629
:10F4F8003146BDE8F087C2F12003D8400CFA02FC7F
:10F5080021FA03F3914001434FEA1C471FFA8CFE8E
:10F51800B3FBF7F007FB10360B0C43EA064300FB7E
:10F528000EF69E4204FA02F408D91CEB030300F11C
:10F53800FF382FD29E422DD9023863449B1B89B2D3
:10F54800B3FBF7F607FB163341EA034106FB0EF35C
:10F558008B4208D91CEB010106F1FF3816D28B4209
:10F5680014D9023E6144C91A46EA004638E72E46D5
:10F57800284605E70646E3E61846F8E64B45A9D2CD
:10F58800B9EB020864EB0C0E0138A3E74646EAE73C
:10F59800204694E74046D1E7D0467BE7023B6144EA
:10F5A80032E7304609E76444023842E7704700BF53
:10F5B80008B5062000F0BEFA0120F1F7F6FF00BFFB
:10F5C800014B1868704700BF5401002070B50D4EFC
:10F5D8000D4D761BB61006D0002455F8043B0134B7
:10F5E8009847A642F9D1094E094D761B00F076FDE1
:10F5F800B61006D0002455F8043B01349847A642BB
:10F60800F9D170BDA0020108A0020108A4020108F6
:10F61800A0020108024B0146186800F08BB900BF30
:10F6280054010020024B0146186800F021B900BFC0
:10F6380054010020032A70B515D940EA010C1CF0CA
:10F64800030F04460B4621D1194620460E6805686B
:10F65800B54204F1040403F1040317D1043A032A60
:10F6680020461946F0D8541EA2B100F1FF3C0139DA
:10F6780001E0C3180CD01CF801EF11F8012F9645D2
:10F68800A4EB0C03F5D0AEEB020070BD541EECE702
:10F69800184670BD104670BD844641EA000313F059
:10F6A80003036DD1403A41D351F8043B40F8043B81
:10F6B80051F8043B40F8043B51F8043B40F8043B44
:10F6C80051F8043B40F8043B51F8043B40F8043B34
:10F6D80051F8043B40F8043B51F8043B40F8043B24
:10F6E80051F8043B40F8043B51F8043B40F8043B14
:10F6F80051F8043B40F8043B51F8043B40F8043B04
:10F7080051F8043B40F8043B51F8043B40F8043BF3
:10F7180051F8043B40F8043B51F8043B40F8043BE3
:10F7280051F8043B40F8043B403ABDD2303211D383
:10F7380051F8043B40F8043B51F8043B40F8043BC3
:10F7480051F8043B40F8043B51F8043B40F8043BB3
:10F75800103AEDD20C3205D351F8043B40F8043B83
:10F76800043AF9D2043208D0D2071CBF11F8013B81
:10F7780000F8013B01D30B8803806046704700BF47
:10F78800082A13D38B078DD010F003038AD0C3F156
:10F798000403D21ADB071CBF11F8013B00F8013B38
:10F7A80080D331F8023B20F8023B7BE7043AD9D3F7
:10F7B800013A11F8013B00F8013BF9D20B780370CC
:10F7C8004B7843708B78837060467047830730B5F9
:10F7D80048D0541E002A3FD0CAB2034601E0013C7B
:10F7E8003AD303F8012B9D07F9D1032C2DD9CDB2BB
:10F7F80045EA05250F2C45EA054536D9A4F110023E
:10F8080022F00F0C03F1200EE6444FEA121C03F11C
:10F81800100242E9045542E9025510327245F8D106
:10F828000CF1010214F00C0F03EB021204F00F0CA0
:10F8380013D0ACF1040323F003030433134442F858
:10F84800045B9342FBD10CF003042CB1CAB21C44F4
:10F8580003F8012B9C42FBD130BD64461346002CB3
:10F86800F4D1F9E703461446BFE71A46A446E0E791
:10F87800002958D030B551F8043C83B0002BA1F1D1
:10F888000404B8BFE418019000F01EFA284A019851
:10F89800136833B1A3420DD9216804EB010C634509
:10F8A8002FD06360146003B0BDE8304000F00EBA9A
:10F8B800A34210D81A465B68002BF9D1116802EBF5
:10F8C800010C644519D02FD36360546003B0BDE8C0
:10F8D800304000F0FBB9116802EB010CA44516D0CA
:10F8E80022D8216804EB010C6345EDD11D685B68E3
:10F8F8002944C4E900135460D5E72368194411600A
:10F90800D1E71D685B682944C4E90013CAE7246885
:10F9180021445418A3421160C5D1D3E900432144BE
:10F92800C2E90013BFE770470C230360BBE700BFC1
:10F9380048820020F8B5CD1C25F0030508350C2DAC
:10F9480038BF0C25002D064623DBA94221D8254FB8
:10F9580000F0BAF93A6822B3144603E06368224615
:10F96800FBB11C4623685B1BF8D40B2B15D86368C6
:10F9780094420CBF3B605360304600F0A7F904F195
:10F988000B00231D20F00700C21A01D01B1AA35038
:10F99800F8BD0C2333600020F8BD23601C442560AB
:10F9A800EAE77968C9B12946304600F01DF8431CDA
:10F9B8000CD0C41C24F00304A04205D0211A304600
:10F9C80000F012F8013001D02560D5E70C2330464D
:10F9D800336000F07BF90020F8BD304600F004F8F1
:10F9E8007860E0E74882002038B5074D00220446D9
:10F9F80008462A60F1F7AEFD431C00D038BD2B68DD
:10FA0800002BFBD0236038BD5082002038B5446CF1
:10FA18000CB1002038BD80210546FFF78BFF024658
:10FA2800686430B1031F7C3243F8044F9342FBD122
:10FA3800EFE74FF0FF3038BD1F29F8B5054608D865
:10FA4800466C0C4617464EB156F8240046F824700A
:10FA5800F8BD162303604FF0FF30F8BD8021FFF793
:10FA680069FF0646686440B1031F00F17C05002168
:10FA780043F8041F9D42FBD1E6E74FF0FF30F8BD85
:10FA88001F2938B5054620D8426C0C466AB152F891
:10FA9800213053B1012B16D0591C10D00025204617
:10FAA80042F824509847284638BD284600F0F8F810
:10FAB800224601462846BDE8384000F0DBB8162348
:10FAC8000360012038BD002038BD162303604FF0C5
:10FAD800FF3038BD1F292AD8426C38B50C46054678
:10FAE80082B152F8243002EB84024BB1591C19D070
:10FAF800012B15D00025204615609847284638BDAB
:10FB0800012038BD8021FFF715FF0246686458B10F
:10FB1800031F00217C3043F8041F9842FBD1E0E723
:10FB2800032038BD022038BD4FF0FF3038BD4FF0FC
:10FB3800FF30704738B5144B1F281D681FD86A6CF2
:10FB4800044662B152F820304BB1012B15D0591C34
:10FB58000FD0002542F820509847284638BD28463F
:10FB680000F09EF8224601462846BDE8384000F0DD
:10FB780081B816232B60012038BD002038BD16231C
:10FB88002B604FF0FF3038BD54010020124B1F2866
:10FB980070B51E6808D80D46716C044649B151F815
:10FBA800240041F8245070BD162333604FF0FF3015
:10FBB80070BD80213046FFF7BDFE0146706440B13C
:10FBC800031F00F17C0C002243F8042F6345FBD18E
:10FBD800E5E74FF0FF3070BD5401002038B50B4BFE
:10FBE8001D686C6C0CB1002038BD80212846FFF7D9
:10FBF800A1FE686438B1031F00F17C0243F8044F8A
:10FC08009342FBD1EFE74FF0FF3038BD540100209D
:10FC180038B5174B1F281D6826D86A6C044682B170
:10FC280052F8243002EB84024BB1591C1AD0012B34
:10FC380016D00025204615609847284638BD012073
:10FC480038BD80212846FFF775FE0246686458B122
:10FC5800031F00217C3043F8041F8342FBD1DFE7F8
:10FC6800032038BD022038BD4FF0FF3038BD00BF3B
:10FC78005401002070B50C46084D03460026204666
:10FC880011461C462E60F1F788FC431C00D070BD5D
:10FC98002B68002BFBD0236070BD00BF5082002072
:10FCA800F1F779BC71B1034600EB010C01E0634543
:10FCB80006D01A46013311780029F8D1101A704776
:10FCC800181A704708467047704700BF704700BF52
:10FCD8002DE9F0419AB0F4F7B1FD1022002110A8E7
:10FCE800FFF774FD1422002109A8FFF76FFDA24D4C
:10FCF800002207922B6C43F080532B642B6C03F08B
:10FD080080530793079B9D4B08921A6842F4404220
:10FD18001A601B6803F440430893089B01244FF4BE
:10FD28008033CDE90E4302264FF48003CDE91463F6
:10FD3800C0220423CDE9163218930EA8082319937C
:10FD4800F3F7BAFB08B172B6FEE70F23CDE909361F
:10FD58004FF4A053CDE90C300B90032109A8F3F719
:10FD6800E1FD064608B172B6FEE7014614220EA868
:10FD7800FFF72CFD02962B6B814843F010032B6391
:10FD88002B6B03F010030293029B03962B6B43F03B
:10FD980004032B632B6B03F004030393039B049668
:10FDA8002B6B43F080032B632B6B03F080030493CE
:10FDB800049B05962B6B43F001032B632B6B03F01D
:10FDC80001030593059B06962B6B43F002032B63F7
:10FDD8002B6B03F002030693069B09962B6B43F0EB
:10FDE80008032B632B6B03F00803324609934FF487
:10FDF8007041099BF4F718F84FF4901361480E947A
:10FE08000EA9CDE90F36F3F7C5FE4FF470435C48F1
:10FE18000EA9CDE90E34CDE91066F3F7BBFE4FF419
:10FE2800307359480EA9CDE90E34CDE91066574C08
:10FE3800F3F7B0FE5649574BE666C4E9131304F1CD
:10FE48004C004FF48043C4E91566C4E91736C4E989
:10FE58001966F4F7BFFF064608B172B6FEE7F0F779
:10FE680031FC01962B6C43F001032B642B6CC4F816
:10FE7800A86003F001030193019BC4F8B8602F2325
:10FE88004FF08042C4E9282304F1A0004FF0FF336B
:10FE9800C4E92B36F9F7A8F908B172B6FEE704F100
:10FEA800A000F8F7EEF808B172B6FEE7F0F7B4F97B
:10FEB80008B172B6FEE7F1F789FA08B172B6FEE743
:10FEC8000E902B6C43F002032B642B6CA06003F0A4
:10FED80002030E930E9B304BA061C4E900304BF631
:10FEE8007F33C4E903302046F9F77EF9024608B1AA
:10FEF80072B6FEE701461D20F4F7F4FA1D20F4F768
:10FF080023FB2046F8F7FEF8A0BBDFF87C801D4FE6
:10FF18001B4D40464FF40071F3F78BFF4FF08043C1
:10FF2800012138465E6AF3F779FF84F8E80094F80F
:10FF3800E92028464FF40051F3F776FF94F8EA20B9
:10FF480028464FF48051F3F76FFF94F8EB202846CA
:10FF58004FF48041F3F768FF94F8EC204FF4004128
:10FF68002846F3F761FF0D48F1F758FA3046F0F7E5
:10FF7800C1F9CEE772B6FEE70038024000700040D3
:10FF8800000C02400000024000080240F444002037
:10FF980000540040A086010000040040E445002011
:10FFA800DFF834D0F1F764FB0C480D490D4A002303
:10FFB80002E0D458C4500433C4188C42F9D30A4A16
:10FFC8000A4C002301E013600432A242FBD3FFF77E
:10FFD800FDFAFFF77DFE70470000022000000020B8
:10FFE800BC010020A8020108BC01002054820020A6
:08FFF800FEE700207047006ADB
:020000040801F1
:10000000704700207047012070470000094A0260D5
:1000100000224260BFF35B8F4272BFF35B8FBFF37E
:100020005B8F8274BFF35B8FC0E905124FF480725F
:100030008283704770020108836B33B1036B23B175
:10004000808E003818BF0120704718467047012382
:10005000BFF35B8F4370BFF35B8F70470B68036028
:100060004B6843600123BFF35B8F0372BFF35B8F69
:100070007047030E0B70030C4B70030AC8708B7033
:1000800004207047006800BA70477047022070472C
:1000900002207047022070470220704702207047FC
:1000A00002207047022070470320704700207047ED
:1000B00000230B600B71704708B500F00DF808B510
:1000C0008047FFF779FA0000024B1868BFF35B8F97
:1000D000704700BFB801002008B5FFF7F5FFFFF734
:1000E000EEFF0000F8B500BFF8BC08BC9E467047A4
:0C00F000F8B500BFF8BC08BC9E46704785
:1000FC0000030103001000200040008006000100F6
:10010C0000000000000000000102030406070809BB
:10011C000000000001020304000610160006101671
:10012C0020000000240000005800000058030000CC
:10013C00829022667E18FC6800000000000000001F
:10014C008B00010833EA00088D0001080000000054
:10015C00000000008B000108E7EA0008910001088C
:10016C0000000000000000008B00010899EB000863
:10017C009500010800000000000000008B00010841
:10018C0061EC00089900010800000000000000006C
:10019C008B00010829ED00089D00010800000000FB
:1001AC00000000008B000108F1ED0008A10001081F
:1001BC000000000000000000B1000108D5E80008B4
:1001CC00A500010800000000000000008B000108E1
:1001DC00ADE90008A90001080000000000000000C3
:1001EC008B0001082FEA0008AD0001089EE9824E41
:1001FC00CAB8BA98F69718FD1EBBED3049646C6509
:10020C00206C6F6F7000314B487A0053544D333271
:10021C0046342044656D6F0053544D6963726F65AD
:10022C006C656374726F6E6963730053544D333233
:10023C00205669727475616C20436F6D506F7274C7
:10024C000043444320436F6E666967004344432078
:10025C00496E746572666163650000000000000001
:10026C0000000000B9000108B900010800000000FE
:10027C0000000000FBFF0008FFFF0008000000006A
:0C028C000000000007000108030001084A
:080298004CF0FF7F01000000A3
:0402A000010200084F
:0402A400D901000874
:1002A80012010002020200408304405700020102CA
:1002B80003010000040309041A0300000000000001
:1002C8000000000000000000000000000000000026
:1002D800000000001D07000829070008990700080A
:1002E800B50700085F070008D1070008ED070008F8
:1002F800404B4C000000080001000000690800089D
:10030800090800080D08000869090008FD08000828
:10031800570D00082F0D0008310D00083B0D00088F
:1003280000000000BB0F00080000000000000000F3
:1003380000000000000000007B0D00089B0D000875
:10034800BB0D000800A00000000C0240000C024099
:10035800000C0240000C02400000024000100000A7
:100368000024F40001000000100000000A0600024A
:10037800000000400100000009024300020100C023
:1003880032090400000102020100052400100105E1
:100398002401000104240202052406000107058245
:1003A8000308001009040100020A00000007050103
:1003B800024000000705810240000000DBBE000883
:1003C8007BBE000875BD00080000000001BC0008E5
:1003D8000DBD0008D5BC00080000000000000000AA
:1003E800000000008FBC000845BC00088DBC000858
:1003F80037BC000858010020000000000000000081
:1004080000000000000000000000000000000000E4
:1004180000000000000000000000000000000000D4
:1004280000000000000000000000000000000000C4
:1004380000000000000000000000000000000000B4
:1004480000000000000000000000000000000000A4
:0C0458000000000000000000B9F50008E2
:040000050800FFA947
:00000001FF
